movie_id,actor_id,actor_name
523371,1982141,Jess Chanliau
523371,2508009,Meg Alexandra
523371,2508010,Gabz Barker
523371,2508011,Raymond Bethley
523371,2508012,Anastasia Borodina
523371,2508013,Sarah Brazier
523371,1721678,Tom Clegg
523371,1733480,Stacey Lynn Crowe
523371,2508014,Cherry-Rosa Cullen
523371,94738,Leon Black
293970,527313,Taissa Farmiga
293970,50463,Malin Akerman
293970,19961,Nina Dobrev
293970,23498,Alexander Ludwig
293970,212604,Adam Devine
293970,111678,Thomas Middleditch
293970,61178,Alia Shawkat
293970,98272,Chloe Bridges
293970,183073,Angela Trimbur
293970,118895,Tory N. Thompson
639247,8329,Radha Mitchell
639247,9976,Henry Thomas
639247,7401,Lin Shaye
639247,2337397,Finlay Wojtak-Hissong
639247,1261381,Jules Willcox
639247,73417,Joseph Bishara
639247,4186744,Bella Marie Fucile
639247,54804,J. Christian Ingvordsen
639247,4186746,Duncan Foster-Allen
639247,4186747,Cullen Riera
299245,1401537,Reese Mishler
299245,1401536,Pfeifer Brown
299245,1354870,Ryan Shoos
299245,1357480,Cassidy Gifford
299245,1401538,Price T. Morgan
299245,1401540,Mackie Burt
299245,1401541,Travis Cluff
299245,555732,Alexa Benson
299245,2022105,Rebecca Dowty
299245,1401540,Mackie Burt
951491,2144,Tobin Bell
951491,2138,Shawnee Smith
951491,559207,Synnøve Macody Lund
951491,57340,Steven Brand
951491,2153290,Renata Vaca
951491,2412563,Joshua Okamoto
951491,2692952,Octavio Hinojosa Martínez
951491,1417288,Paulette Hernández
951491,4274741,Jorge Briseño
951491,36055,Costas Mandylor
292280,60077,Douglas Smith
292280,233096,Lucien Laviscount
292280,1328223,Cressida Bonas
292280,17005,Doug Jones
292280,83456,Michael Trucco
292280,1303873,Jenna Kanell
292280,1560380,Erica Tremblay
292280,1552359,Marisa Echeverria
292280,7574,Cleo King
292280,6450,Faye Dunaway
756999,2803710,Mason Thames
756999,1530558,Madeleine McGraw
756999,569,Ethan Hawke
756999,4654,Jeremy Davies
756999,41020,E. Roger Mitchell
756999,1694113,Troy Rudeseal
756999,3586928,Miguel Mora
756999,3267288,Tristan Pravong
756999,3013234,Brady Hepner
756999,5296,James Ransone
1059345,59860,Alice Eve
1059345,3131,Antonio Banderas
1059345,444211,Shelley Hennig
1059345,933272,Olwen Fouéré
1059345,2465152,Kim DeLonghi
1059345,1373165,Paul Reid
1059345,1878695,Kwaku Fortune
1059345,133950,Matthew Tompkins
1059345,1734962,Ciaran McGlynn
1059345,4172956,Sophie Amber
575776,1321628,Morfydd Clark
575776,49971,Jennifer Ehle
575776,1803015,Lily Frazer
575776,2548051,Lily Knight
575776,2547913,Rosie Sansom
575776,1914302,Caoilfhionn Dunne
575776,1230752,Marcus Hutton
575776,1514120,Carl Prekopp
575776,2389170,Noa Bodner
575776,1602722,Takatsuna Mukai
532671,221809,Taylor Schilling
532671,1649803,Jackson Robert Scott
532671,10132,Colm Feore
532671,943913,Brittany Allen
532671,212772,Peter Mooney
532671,1431050,Oluniké Adeliyi
532671,101258,Elisa Moolecherry
532671,204964,Paula Boudreau
532671,180999,Paul Fauteux
532671,1994215,David Kohlsmith
546724,109513,Alexandra Daddario
546724,1448516,Keean Johnson
546724,116088,Logan Miller
546724,1369336,Amy Forsyth
546724,1640938,Austin Swift
546724,593202,Maddie Hasson
546724,9656,Johnny Knoxville
546724,60116,Allison McAtee
546724,1942921,Steve Pacaud
546724,1998569,Derek James Trapp
461108,1466540,Kabby Borders
461108,965232,Christina Masterson
461108,1830688,Michelle Cortés
461108,930977,Bryce Durfee
461108,1725892,Sean Samuels
461108,1830689,Quinn Bozza
461108,1859418,Cristina Jayo
461108,1015836,Eric Etebari
461108,1655062,Jaime Wallace
461108,1859417,Owen Saxon
327253,1253402,Alexandre Nachi
327253,1208643,Mathieu Ratthe
327253,1123270,Victor Andres Trelles Turgeon
327253,59617,Juliette Gosselin
327253,1481896,Laurence Dauphinais
327253,1015986,Kimberly Laferriere
509635,1261381,Jules Willcox
509635,212776,Marc Menchaca
509635,16293,Anthony Heald
509635,552966,Jonathan Rosenthal
509635,588695,Katie O’Grady
509635,79905,Betty Moyer
509635,79913,Shelly Lipkin
509635,2143071,Emily Sahler
509635,1003912,Laura Duyn
509635,2784286,Brenton Montgomery
483737,220064,Kerris Dorsey
483737,999605,Ahna O'Reilly
483737,119807,James Tupper
483737,1791619,Lia McHugh
483737,107437,Braeden Lemasters
483737,6564,Lawrence Pressman
483737,1098246,Jocelyn Ayanna
483737,1912837,Evan Dickson
1114513,5530,James McAvoy
1114513,1110405,Mackenzie Davis
1114513,59233,Scoot McNairy
1114513,1323109,Aisling Franciosi
1114513,2556026,Alix West Lefler
1114513,4646395,Dan Hough
1114513,2188560,Kris Hitchen
1114513,3120512,Motaz Malhees
1114513,1194835,Jakob Højlev Jørgensen
531219,1813,Anne Hathaway
531219,6944,Octavia Spencer
531219,2283,Stanley Tucci
531219,2241218,Jahzir Bruno
531219,2632,Chris Rock
531219,2153678,Codie-Lei Eastick
531219,52775,Kristin Chenoweth
531219,281527,Charles Edwards
531219,1370805,Morgana Robinson
531219,1228665,Brian Bovell
675327,56734,Chloë Grace Moretz
675327,1108907,Nick Robinson
675327,1397346,Beulah Koale
675327,1369329,Taylor John Smith
675327,208296,Callan Mulvey
675327,1193862,Benedict Wall
675327,1340026,Byron Coll
675327,2553627,Joe Witkowski
675327,2827000,Liam Legge
675327,2827001,Asher Bridle
1024773,2073513,Megan Suri
1024773,77239,Neeru Bajwa
1024773,1881789,Mohana Krishnan
1024773,1660452,Betty Gabriel
1024773,6623,Vik Sahay
1024773,2528487,Gage Marsh
1024773,2237623,Beatrice Kitsos
1024773,2509660,Jamie Ives
1024773,3042898,Siddhartha Minhas
1024773,4030548,Saisha Ram Muni
419639,1635720,Logan Paul
419639,1254435,Peyton List
419639,1389035,Lia Marie Johnson
419639,82626,Calum Worthy
419639,57189,Ryan Whitney
419639,1046538,Michael Traynor
419639,58150,Stacey Dash
419639,1219226,Matthew Glave
419639,15283,Robert Gant
419639,23504,Kiersten Warren
814889,4587,Halle Berry
814889,3401898,Anthony B. Jenkins
814889,1962720,William Catlett
814889,2215763,Percy Daggs IV
814889,565222,Matthew Kevin Anderson
814889,2590111,Christin Park
814889,1906594,Stephanie Lavigne
814889,2538431,Cadence Compton
814889,2430180,Mila Morgan
814889,4967406,Georges Gracieuse
502406,1971081,Sabrina Kern
502406,74285,Carolyn Hennesy
502406,105844,Courtney Halverson
502406,1039097,Seth Michaels
502406,1108129,Trin Miller
502406,1153842,Lindsay Seim
502406,1514474,Jayson Warner Smith
502406,111692,Hannah Fierman
502406,2242747,Shaun Fletcher
502406,2294826,Maximus Murrah
1216191,1800020,Carolyn Bracken
1216191,1220123,Gwilym Lee
1216191,1398632,Steve Wall
1216191,1227306,Joe Rooney
1216191,1256162,Tadhg Murphy
1216191,4532173,Caroline Menton
1216191,2785002,Jonathan French
1216191,4841063,Ivan de Wergifosse
1216191,3598010,Shane Whisker
1216191,4841062,Josuha Campbell
241258,6383,Aaron Eckhart
241258,65017,Natalija Nogulich
241258,39213,Keir O'Donnell
241258,5887,Catalina Sandino Moreno
241258,23229,Carice van Houten
241258,123879,Matt Nable
241258,565421,Mark Henry
241258,1494506,Breanne Hill
241258,210829,Karolina Wydra
241258,992078,Vera Miao
1008392,1434481,Grace Byers
1008392,1576054,Antoinette Robertson
1008392,1488960,Jermaine Fowler
1008392,1181339,Melvin Gregg
1008392,2600533,Dewayne Perkins
1008392,2267887,X Mayo
1008392,967617,Sinqua Walls
1008392,1099717,Jay Pharoah
1008392,1662651,Yvonne Orji
1008392,5727,Diedrich Bader
480210,5141,Heather Langenkamp
480210,1902797,Alexxis Lemire
480210,78031,Cassie Scerbo
480210,1902796,Brytni Sarpy
480210,965232,Christina Masterson
480210,1352332,Victoria Spencer Smith
480210,1385419,Luke Baines
480210,1669602,Taylor Lyons
480210,1271473,Mason Dye
480210,934136,Ricardo Hoyos
623520,42710,Keegan Connor Tracy
623520,1538879,Jett Klyne
623520,169747,Sean Rogerson
623520,221840,Sara Canning
623520,230,Stephen McHattie
623520,54634,Chandra West
623520,2777831,Ali Webb
623520,2433983,Deborah Ferguson
623520,1183795,Kevin Doree
623520,2433984,Fox Rose
457712,1970662,Gregory James Cohan
457712,2223360,Alyssa Kempinski
457712,2293479,Daniel Steere
457712,2293483,Fernando Pacheco de Castro
457712,1749472,Aurelio Voltaire
457712,2293482,Yang Jiechang
457712,2293480,Jesse Turits
457712,2515984,Zachary Steere
457712,1536131,Claire Hsu
457712,2032534,David Sokol
676547,1400939,Jacqueline Byers
676547,5414,Colin Salmon
676547,1237405,Christian Navarro
676547,111658,Lisa Palfrey
676547,2693053,Nicholas Ralph
676547,29068,Ben Cross
676547,12519,Virginia Madsen
676547,1808578,Tom Forbes
676547,22018,Velizar Binev
676547,1297039,Owen Davis
262848,97939,Reggie Bannister
262848,58240,A. Michael Baldwin
262848,79584,Angus Scrimm
262848,1229688,Dawn Cody
262848,58241,Bill Thornbury
262848,58243,Kathy Lester
262848,1097169,Daniel Schweiger
262848,43774,Daniel Roebuck
262848,1097171,Cean Okada
262848,105643,Jay Oliva
1308757,1775560,Isabel Gravitt
1308757,118753,Alexander Wraith
1308757,64057,Dean Cameron
1308757,1446466,Garrett Wareing
1308757,1352920,Genneya Walton
1308757,4793764,Koa Tom
1308757,1327926,Brian Silverman
1308757,104473,Al Burke
1308757,4793765,Phoenix Volken
1308757,4793766,Audriana Volken
542713,1279279,Virginia Gardner
542713,965232,Christina Masterson
542713,2108893,Eric Beecroft
542713,1818477,Natalie Mitchell
542713,1492219,Shannon Hollander
542713,1738522,Elias Brett
542713,1380499,Tanroh Ishida
542713,1500122,Regina Saldivar
542713,1816172,Andreas Wigand
542713,1168128,Haruka Abe
417384,1533987,Zoe Colletti
417384,14329,Dean Norris
417384,1383546,Michael Garza
417384,1142686,Gabriel Rush
417384,6575,Gil Bellows
417384,1698185,Natalie Ganzhorn
417384,148992,Austin Abrams
417384,1783261,Austin Zajur
417384,2383617,Kathleen Pollard
417384,81726,Lorraine Toussaint
400605,57171,Jesse Metcalfe
400605,140114,Marie Avgeropoulos
400605,25386,Ian Tracey
400605,42710,Keegan Connor Tracy
400605,58398,Jessica Harmon
400605,102742,Patrick Sabongui
400605,112557,Camille Sullivan
400605,64671,Jim Thorburn
400605,1954,Billy Zane
400605,352,Dennis Haysbert
334536,34847,Emma Roberts
334536,934289,Kiernan Shipka
334536,86232,Lucy Boynton
334536,1736,James Remar
334536,34485,Lauren Holly
334536,1357354,Peter J. Gray
334536,1075505,Emma Holzer
334536,80029,Matthew Stefiuk
334536,166477,Greg Ellwand
334536,88106,Elana Krausz
748853,54811,Joel Fry
748853,1457454,Ellora Torchia
748853,1182598,Hayley Squires
748853,34551,Reece Shearsmith
748853,1386824,John Hollingworth
748853,1221045,Mark Monero
426063,1459885,Lily-Rose Depp
426063,3292,Nicholas Hoult
426063,137905,Bill Skarsgård
426063,27428,Aaron Taylor-Johnson
426063,5293,Willem Dafoe
426063,2324569,Emma Corrin
426063,202032,Ralph Ineson
426063,16358,Simon McBurney
426063,3642574,Adéla Hesová
426063,3834146,Milena Konstantinova
397243,46593,Emile Hirsch
397243,1248,Brian Cox
397243,82639,Ophelia Lovibond
397243,1422264,Olwen Catherine Kelly
397243,73288,Michael McElhatton
397243,1349720,Parker Sawyers
397243,158414,Jane Perry
397243,40636,Mark Phoenix
397243,2581765,Mary Duddy
838484,2629582,Iola Evans
838484,77996,Asa Butterfield
838484,5139,Robert Englund
838484,1220166,Angela Griffin
838484,60349,Ryan Gage
838484,1665,Eddie Marsan
838484,178630,Kate Fleetwood
838484,2519329,Pete MacHale
838484,3509902,Kayleen Aires Fonseca
838484,1229186,Caroline Loncq
820609,481337,Kaitlyn Dever
820609,3956612,Elizabeth Kaluev
820609,186573,Zack Duhame
820609,3648564,Lauren L. Murray
820609,1027298,Geraldine Singer
820609,60874,Dane Rhodes
820609,3956681,Evangeline Rose
820609,3891460,Dari Lynn Griffin
820609,2856979,Emani White
820609,1292493,Tenaj L. Jackson
306947,130253,Logan Marshall-Green
306947,16859,Tammy Blanchard
306947,929826,Emayatzy Corinealdi
306947,91520,Michiel Huisman
306947,3911,John Carroll Lynch
306947,1106411,Lindsay Burdge
306947,27107,Mike Doyle
306947,1334288,Jay Larson
306947,55253,Michelle Krusiec
306947,19860,Karl Yune
827931,2232225,Madison Bailey
827931,2388486,Antonia Gentry
827931,971299,Griffin Gluck
827931,2511594,Megan Best
827931,26086,Michael Shanks
827931,54819,Rachael Crawford
827931,1524215,Summer H. Howell
827931,2925864,Sydney Sabiston
827931,1148697,Adam Hurtig
827931,2404548,Gwendolyn Collins
931628,8783,Eric Bana
931628,1590797,Sadie Sink
931628,104632,Sylvia Hoeks
931628,1723252,Jonas Dassler
931628,15122,Sophie Rois
931628,4541,Stephan Kampwirth
931628,48270,Justine del Corte
931628,4379940,Joone Dankou
931628,2229819,Lara Feith
931628,2894590,Sira-Anna Faal
782760,1444927,Christian Stamm
782760,2963837,Loretta Hope
782760,2379627,Lee Partridge
782760,2770586,Ramon Álvarez
782760,2963838,Tomás Paredes
782760,1800951,Chus de Castro
782760,2963840,Natascha Cridewi-Tol
782760,2963841,Helena de la Concepción
707408,1858439,Brian Landis Folkins
707408,3033,Wil Wheaton
707408,2649509,Kathleen Brady
707408,125794,Amy Rutledge
707408,2790247,Adrian Egolf
707408,1447668,Olivia Hendrick
707408,2790248,Karin Carr
707408,2790250,Sara Woodyard
707408,2790252,Josh Staab
707408,1223241,Luke Sorge
616820,8944,Jamie Lee Curtis
616820,1511997,Andi Matichak
616820,1267684,James Jude Courtney
616820,1196041,Rohan Campbell
616820,883,Will Patton
616820,180300,Jesse C. Boyd
616820,1551547,Michael Barbieri
616820,3740402,Destiny Mone
616820,3740404,Joey Harris
616820,3740408,Marteen
1006462,27763,Casper Van Dien
1006462,212833,Nicky Whelan
1006462,54649,Louis Mandylor
1006462,2465152,Kim DeLonghi
1006462,145553,Devanny Pinn
1006462,1226119,Ryan Francis
1006462,1602210,Eoin O'Brien
1006462,3098427,Randall J. Bacon
1006462,84841,Randy Wayne
1006462,2091809,Mike Ferguson
361159,53922,Ed Quinn
361159,21259,Michael Dudikoff
361159,119870,Rick Fox
361159,1513914,Chad Lail
361159,58045,Molly Hagan
361159,1412782,Mikal Vega
361159,1513916,Kevin Kent
361159,1253634,Lolo Jones
361159,145543,Damon Lipari
361159,1513917,Geoff Reeves
661950,53280,Tyler Posey
661950,1740219,Summer Spiro
661950,55636,Donald Sutherland
661950,52037,Robert Ri'chard
661950,5076447,Brooke Swallow
661950,1015836,Eric Etebari
661950,44060,John Posey
661950,2927514,Debbie Martinelli Swallow
661950,2543675,Bridgette Meredith Garb
661950,4751889,Kiersten Bell
443791,37917,Kristen Stewart
443791,1925,Vincent Cassel
443791,1639848,Mamoudou Athie
443791,51990,T.J. Miller
443791,17487,John Gallagher Jr.
443791,1202689,Jessica Henwick
443791,113231,Gunner Wright
443791,1485985,Fiona Rene
443791,1354657,Amanda Troop
146301,1485707,Chris J. Murray
146301,1386222,Brit Shaw
146301,1485708,Ivy George
146301,1423672,Dan Gill
146301,999817,Olivia Taylor Dudley
146301,995457,Chloe Csengery
146301,995458,Jessica Tyler Brown
146301,79025,Don McManus
146301,62035,Michael Krawic
146301,171401,Hallie Foote
409297,232941,Catherine Walker
409297,219367,Steve Oram
409297,96522,Mark Huberman
409297,1634292,Susan Loughnane
409297,1900519,Nathan Vos
409297,1915638,Martina Nunvarova
409297,1915640,Breffni O'Connor
409297,1915641,Sheila Moloney
339530,67015,Michael Gross
339530,6213,Jamie Kennedy
339530,1465469,Pearl Thusi
339530,1465473,Rea Rangaka
339530,1029029,Brandon Auret
339530,1520107,Nolitha Zulu
339530,1459810,Daniel Janks
339530,1151469,Sello Sebotsane
339530,1035098,Ian Roberts
339530,141464,Natalie Becker
881487,1223787,Finn Jones
881487,136347,Jessica McNamee
881487,582892,Donna Biscoe
881487,1295668,Thomas Francis Murphy
881487,60874,Dane Rhodes
881487,120251,Shanna Forrestall
881487,1298787,Susan McPhail
881487,969635,Sue Rock
881487,1773399,Liz Elkins Newcomer
881487,3037585,Victoria Paige Watkins
619730,1373737,Florence Pugh
619730,1052109,Harry Styles
619730,62064,Chris Pine
619730,59315,Olivia Wilde
619730,1884703,KiKi Layne
619730,97576,Gemma Chan
619730,208519,Nick Kroll
619730,2754753,Sydney Chandler
619730,1436999,Kate Berlant
619730,1822025,Asif Ali
845783,2146942,Freya Allan
845783,225692,Jeremy Irvine
845783,2364040,Ruby Barker
845783,3064,Peter Mullan
845783,1141591,Anne Müller
845783,1561755,Svenja Jung
845783,63362,Ned Dennehy
845783,28294,Julika Jenkins
845783,9825,Saffron Burrows
845783,1194711,Felix Römer
463364,84423,Conleth Hill
463364,178634,Alex Hassell
463364,1306749,Tori Butler-Hart
463364,1611987,Fisayo Akinade
463364,573835,Alix Wilton Regan
463364,1657669,Graham Butler
463364,1929617,Emma King
463364,1981099,Dickon Tyrrell
463364,1600086,Joe Bannister
463364,2232567,Ben Lee
333674,46928,Beth Riesgraf
333674,41089,Martin Starr
333674,1292258,Jack Kesy
333674,28042,Rory Culkin
333674,1390021,Leticia Jimenez
333674,1046665,Joshua Mikel
333674,1448224,Timothy McKinney
533642,1352028,Gabriel Bateman
533642,119592,Aubrey Plaza
533642,2,Mark Hamill
533642,226366,Brian Tyree Henry
533642,21561,Tim Matheson
533642,2237623,Beatrice Kitsos
533642,1641955,Ty Consiglio
533642,2237625,Marlon Kazadi
533642,4095,David James Lewis
533642,149486,Carlease Burke
335866,35551,Julie Benz
335866,86653,Carter Jenkins
335866,53255,Cesar Garcia
335866,155293,Mercy Malick
335866,115888,Lisa Pelikan
335866,1504904,Molly Jackson
335866,1190818,Sara Sanderson
335866,212267,Michael Nardelli
335866,1367306,Lawrence Kao
335866,85837,Fay DeWitt
441384,10297,Matthew McConaughey
441384,19767,Snoop Dogg
441384,52848,Isla Fisher
441384,994073,Jimmy Buffett
441384,29222,Zac Efron
441384,78029,Martin Lawrence
441384,1252003,Stefania LaVie Owen
441384,21007,Jonah Hill
441384,2586969,Donovan St V. Williams
441384,2586970,David Bennett
621587,17288,Michael Fassbender
621587,89843,Oscar Kightley
621587,2458277,Kaimana
621587,55937,David Fane
621587,15298,Rachel House
621587,1397346,Beulah Koale
621587,55934,Taika Waititi
621587,21200,Will Arnett
621587,32798,Elisabeth Moss
621587,1384511,Uli Latukefu
411840,204131,Jeremy Shada
411840,53926,Jon Heder
411840,587697,Melissa Sturm
411840,56446,John Cena
411840,87919,Mark Calaway
411840,115788,Paul Levesque
411840,57342,Vince McMahon
411840,1326321,Saraya Bevis
411840,5727,Diedrich Bader
411840,1104687,Michael Coulthard
635918,1118363,Fionn O'Shea
635918,1969732,Lola Petticrew
635918,21676,Sharon Horgan
635918,1307013,Barry Ward
635918,1307014,Simone Kirby
635918,2699566,Evan O'Connor
635918,1434163,Ian O'Reilly
635918,2699565,Emma Willis
635918,1376683,Lauryn Canny
635918,1544911,Art Campion
620897,2379700,Radha Blank
620897,65143,Peter Y. Kim
620897,2379702,Oswin Benjamin
620897,163774,Reed Birney
620897,2102052,Imani Lewis
620897,2455481,T.J. Atoms
620897,93620,Welker White
620897,1481242,Jacob Ming-Trent
620897,2145582,Haskiri Velazquez
620897,209267,Stacey Sargeant
369192,54693,Emma Stone
369192,4495,Steve Carell
369192,127558,Andrea Riseborough
369192,7404,Sarah Silverman
369192,8984,Bill Pullman
369192,1951,Elisabeth Shue
369192,10697,Alan Cumming
369192,970216,Austin Stowell
369192,29020,Eric Christian Olsen
369192,118752,Natalie Morales
326423,9778,Ice Cube
326423,5726,Cedric the Entertainer
326423,35705,Regina Hall
326423,11868,Sean Patrick Thomas
326423,230176,Eve
326423,968660,Nicki Minaj
326423,18471,Anthony Anderson
326423,4238,Common
326423,154382,Jazsmin Lewis
326423,31711,Troy Garity
731738,61834,Alain Uy
731738,61703,Ron Yuan
731738,61856,Mykel Shannon Jenkins
731738,1651994,Jae Suh Park
731738,1094319,Matthew Page
731738,2645955,Joziah Lagonoy
731738,1574979,Ken Quitugua
731738,1406627,Yoshi Sudarso
731738,1720946,Peter Sudarso
731738,1398122,Gui DaSilva-Greene
421471,1059597,Zoey Deutch
421471,17696,Kathryn Hahn
421471,132856,Tim Heidecker
421471,36801,Adam Scott
421471,1326885,Joey Morgan
421471,1308373,Dylan Gelula
421471,1406951,Maya Eshet
421471,59297,Eric Edelstein
421471,30069,Joel Ezra Hebner
421471,1960095,Romy Byrne
309245,45400,Greta Gerwig
309245,1345418,Lola Kirke
309245,1502216,Matthew Shear
309245,1291890,Jasmine Cephas Jones
309245,1196536,Heather Lind
309245,87070,Michael Chernus
309245,58619,Cindy Cheung
309245,49824,Kathryn Erbe
309245,66260,Dean Wareham
309245,1410221,Shana Dowdeswell
527435,1696017,Darby Camp
527435,1538780,Judah Lewis
527435,6856,Kurt Russell
527435,5921,Martin Roach
527435,1181327,Lamorne Morris
527435,70696,Kimberly Williams-Paisley
527435,62692,Oliver Hudson
527435,76528,Tony Nappo
527435,1579806,Vella Lovell
527435,88620,Lauren Collins
342521,291263,Jordan Peele
342521,298410,Keegan-Michael Key
342521,6384,Keanu Reeves
342521,1230868,Tiffany Haddish
342521,5384,Method Man
342521,1307543,Darrell Britt-Gibson
342521,1115984,Jason Mitchell
342521,1671201,Jamar Malachi Neighbors
342521,40481,Luis Guzmán
342521,62831,Will Forte
326094,9560,Ellen Burstyn
326094,18793,Kieran Culkin
326094,1146,Julie Delpy
326094,518,Danny DeVito
326094,45400,Greta Gerwig
326094,72638,Tracy Letts
326094,206966,Zosia Mamet
326094,1570301,Keaton Nigel Cooke
326094,1686657,Haraldo Alvarez
326094,1570303,Rigoberto Garcia
360606,1152083,Sabrina Carpenter
360606,1331457,Sofia Carson
360606,966902,Nikki Hahn
360606,1512177,Mallory James Mahoney
360606,1854673,Max Gecowets
360606,1116802,Jet Jurgensmeyer
360606,1926522,Madison Horcher
360606,1512175,Kevin G. Quinn
360606,61182,Gillian Vigman
360606,175698,Gabrielle Miller
326215,1560166,Callum Maloney
326215,2045981,Dermot Magennis
326215,1560168,Ava Connolly
326215,1428976,Tara Flynn
326215,96674,Paul Tylak
326215,1571373,Aileen Mythen
326215,1206333,Patrick Fitzsymons
326215,15888,Alan Stanford
326215,1963548,Carla Becker
257211,380,Robert De Niro
257211,1813,Anne Hathaway
257211,14343,Rene Russo
257211,521563,Anders Holm
257211,1561685,JoJo Kushner
257211,990369,Andrew Rannells
257211,212604,Adam Devine
257211,130535,Zack Pearlman
257211,1561688,Jason Orley
257211,1368787,Christina Scherer
696000,16377,Jerry Seinfeld
934761,191228,Victoria Justice
934761,1992160,Adam Demos
934761,1616689,Luca Sardelis
934761,2757239,Samantha Cain
934761,61910,Craig Horner
934761,3064714,Antonio Alvarez
934761,1190659,Lucy Durack
934761,2634981,Emily Havea
934761,2492887,Natalie Abbott
934761,3511819,Jayden Popik
532327,1722777,D.C. Young Fly
532327,1997029,Lil Yachty
532327,2142848,Alyssa Goss
532327,11827,DeRay Davis
532327,210292,Anya Monzikova
532327,1710526,Justine Skye
532327,92282,Nathan Anderson
532327,1890163,Chris Cavalier
532327,1410768,Tony DeMil
532327,1848630,Sloane Warren
661374,8784,Daniel Craig
661374,819,Edward Norton
661374,1005852,Janelle Monáe
661374,17696,Kathryn Hahn
661374,1254614,Leslie Odom Jr.
661374,11661,Kate Hudson
661374,543530,Dave Bautista
661374,1202689,Jessica Henwick
661374,1642789,Madelyn Cline
661374,48312,Noah Segan
434873,943913,Brittany Allen
434873,85613,Juan Riedinger
434873,74608,Merwin Mondesir
434873,1448885,Kristopher Higgins
434873,1229669,Andrew Supanz
434873,105902,Michael Filipowich
434873,1098664,Dylan Playfair
434873,1754135,Nico David
434873,1904094,Warren E. Thomas
434873,1879712,Steve Judkins
501989,7060,Martin Freeman
501989,54882,Morena Baccarin
501989,496470,Jake Lacy
501989,1221716,Melissa Rauch
501989,82663,Shannon Woodward
501989,1952745,Ellis Rubin
501989,58184,Jane Curtin
501989,1255902,Adam Shapiro
501989,1378667,Jackie Seiden
501989,1969888,Ravi Cabot-Conyers
333348,3092,Diane Keaton
333348,1230,John Goodman
333348,27105,Ed Helms
333348,71070,Amanda Seyfried
333348,1903,Alan Arkin
333348,67773,Steve Martin
333348,59315,Olivia Wilde
333348,3141,Marisa Tomei
333348,496470,Jake Lacy
333348,35515,June Squibb
1013154,17352,Marianne Jean-Baptiste
1013154,145694,Michele Austin
1013154,1628513,David Webber
1013154,2355285,Tuwaine Barrett
1013154,1944465,Ani Nelson
1013154,1775383,Sophia Brown
1013154,2611671,Jonathan Livingstone
1013154,1691876,Jo Martin
1013154,1221004,Llewella Gideon
1013154,2413069,Yvette Boakye
439058,212234,Mason Cotton
439058,1335308,Benjamin Flores Jr.
439058,35093,Francesca Marie Smith
439058,35224,Anndi McAfee
439058,59784,Carlos Alazraqui
439058,658,Alfred Molina
439058,167638,Justin Shenkarow
439058,1717091,Antoinette Stella
439058,1392542,Laya DeLeon Hayes
439058,82529,Jamil Walker Smith
333675,59219,Kyle Gallner
333675,174313,Adam Nee
333675,5661,Matthew Gray Gubler
333675,500427,Hannibal Buress
333675,129104,Melissa Benoist
333675,170293,Daniel Edward Mora
333675,32747,Stephen Lang
333675,29020,Eric Christian Olsen
333675,1060081,Johnny Pemberton
333675,5151,Beth Grant
324852,4495,Steve Carell
324852,41091,Kristen Wiig
324852,34517,Trey Parker
324852,17743,Miranda Cosgrove
324852,124750,Dana Gaier Ellis
324852,1502907,Nhev Scharrel
324852,124747,Pierre Coffin
324852,4581,Steve Coogan
324852,5823,Julie Andrews
324852,213001,Jenny Slate
748783,73457,Chris Pratt
748783,2231,Samuel L. Jackson
748783,1278487,Hannah Waddingham
748783,10182,Ving Rhames
748783,3292,Nicholas Hoult
748783,1093919,Cecily Strong
748783,210172,Harvey Guillén
748783,21422,Brett Goldstein
748783,1564920,Bowen Yang
748783,19767,Snoop Dogg
308266,996701,Miles Teller
308266,21007,Jonah Hill
308266,224513,Ana de Armas
308266,51329,Bradley Cooper
308266,7166,Kevin Pollak
308266,117437,Patrick St. Esprit
308266,17857,Shaun Toub
308266,136152,JB Blanc
308266,60422,Gabriel Spahiu
308266,1720564,Julian Sergi
512196,1427680,Jessica Rothe
512196,969140,Israel Broussard
512196,1476053,Charles Aitken
512196,1602964,Ruby Modine
512196,933160,Suraj Sharma
512196,104853,Rachel Matthews
512196,1651966,Blaine Kern III
512196,1542831,Phi Vu
512196,2035239,Sarah Yarkin
512196,1717376,Caleb Spillyards
353595,2,Mark Hamill
353595,963818,Troy Baker
353595,19508,Nolan North
353595,20903,Josh Keaton
353595,65640,Khary Payton
353595,19506,James Arnold Taylor
353595,15761,Grey DeLisle
353595,31531,John DiMaggio
353595,24362,Kevin Michael Richardson
353595,78798,Tom Kenny
383498,10859,Ryan Reynolds
383498,16851,Josh Brolin
383498,54882,Morena Baccarin
383498,1139349,Julian Dennison
383498,1545693,Zazie Beetz
383498,51990,T.J. Miller
383498,122750,Leslie Uggams
383498,1109702,Karan Soni
383498,1492326,Brianna Hildebrand
383498,1292258,Jack Kesy
1053110,439765,Christina Moore
1053110,151383,John Ducey
1053110,2131391,Violet McGraw
1053110,1139163,Sachin Bhatt
1053110,1743572,Lateefah Holder
1053110,1219226,Matthew Glave
749645,1416383,Jim Cummings
749645,804206,Virginia Newcomb
749645,1485101,PJ McCabe
749645,2780846,Wilky Lau
749645,1423663,Olivia Grace Applegate
749645,1123268,Jacqueline Doke
749645,1976444,Lya Yanne
749645,1519096,Jessie Barr
749645,1113276,Bridge Stuart
749645,164067,Keith Powell
676710,41419,Hugh Laurie
676710,1223786,Emilia Clarke
676710,11207,David Thewlis
676710,1227717,Himesh Patel
676710,20049,David Tennant
676710,59620,Gemma Arterton
676710,1238461,Ariyon Bakare
676710,1551677,Joe Sugg
676710,2524465,Julie Atherton
676710,19923,Hugh Bonneville
683287,475512,Ellie Kemper
683287,13636,Jane Krakowski
683287,1394997,Tituss Burgess
683287,10556,Carol Kane
683287,10980,Daniel Radcliffe
683287,65717,Jon Hamm
683287,1395001,Lauren Adams
683287,1137626,Sara Chase
683287,1389282,Sol Miranda
683287,12110,Amy Sedaris
414018,11288,Robert Pattinson
414018,76070,Mia Wasikowska
414018,558860,David Zellner
414018,133356,Nathan Zellner
414018,1844319,Joseph Billingiere
414018,5694,Robert Forster
414018,1853997,Morgan Lund
414018,937895,David Wingo
414018,961004,Russell Mael
414018,1853996,Gabriel Casdorph
843543,53862,Kaley Cuoco
843543,1427948,Pete Davidson
843543,1225349,Deborah S. Craig
843543,1041508,Sierra Fisk
843543,3503959,Wesley Holloway
843543,170382,Rock Kohli
843543,1611609,Hari Nef
843543,18472,Kevin Corrigan
843543,164221,Rebecca Schull
843543,2376898,Pat Bowie
505159,2632,Chris Rock
507143,506085,Sami Gayle
507143,512316,Jacob Latimore
507143,110014,Christina Hendricks
507143,1332680,Uzo Aduba
507143,9994,Helen Hunt
507143,1215379,Tom Bergeron
507143,1549537,Tracey Bonner
507143,177744,Paul Tigue
507143,1891471,Evan Castelloe
507143,41019,Wilbur Fitzgerald
413644,1529380,Pappy Faulkner
413644,1224521,Christopher Lee Parson
413644,1249408,Terrence Stone
413644,1218767,Marieve Herington
413644,1324161,Cinda Adams
413644,35367,Jeff Doucette
413644,2204537,Laila Berzins
413644,45603,Joey Camen
413644,91023,Sandy Fox
413644,1248445,Grant George
419479,1538780,Judah Lewis
419479,1372369,Samara Weaving
419479,1223726,Robbie Amell
419479,1107297,Hana Mae Lee
419479,98285,Bella Thorne
419479,112742,Emily Alyn Lind
419479,1350469,Andrew Bachelor
419479,1005324,Doug Haley
419479,57451,Leslie Bibb
419479,77089,Ken Marino
718840,205307,Lucy Hale
718840,1367184,Leonidas Gulaptis
718840,86314,Mindy Cohn
718840,440306,Adhir Kalyan
718840,1443625,Jackie Cruz
718840,1737254,Stephen Friedrich
718840,1189072,Leah McKendrick
718840,1218601,Constantine Maroulis
718840,2013924,Shiva Kalaiselvan
718840,1225349,Deborah S. Craig
375867,2882,Diane Lane
375867,232764,Arnaud Viard
375867,7447,Alec Baldwin
375867,35963,Elise Tielrooy
375867,142443,Élodie Navarre
375867,48408,Serge Onteniente
375867,2561978,Pierre Cuq
375867,1164462,Cédric Monnet
375867,9893,Aurore Clément
375867,1022664,Davia Nelson
507903,5374,Jim Parsons
507903,969316,Ben Aldridge
507903,6181,Josh Pais
507903,2809219,Allegra Heart
507903,1487628,Jeffery Self
507903,3208077,Braxton Fannin
507903,3684363,Brody Caines
507903,72003,Tara Summers
507903,3407587,Corey Saucier
507903,5859971,Megan Irminger
366672,39995,Michael Cera
366672,2231,Samuel L. Jackson
366672,17835,Ricky Gervais
366672,2897837,Kylie Kuioka
366672,14639,Mel Brooks
366672,1752,George Takei
366672,86498,Gabriel Iglesias
366672,938,Djimon Hounsou
366672,1620,Michelle Yeoh
366672,20644,Aasif Mandvi
382748,2096167,Grace VanderWaal
382748,1529426,Graham Verchere
382748,111923,Karan Brar
382748,1018947,Maximiliano Hernández
382748,66497,Darby Stanchfield
382748,4808,Giancarlo Esposito
382748,2015765,Collin Blackford
382748,2388183,Annacheska Brown
382748,1925440,Shelby Simmons
382748,2388181,Allison Wentworth
529862,1226302,Jillian Bell
529862,113224,Michaela Watkins
529862,929511,Utkarsh Ambudkar
529862,1488961,Lil Rel Howery
529862,2066217,Micah Stock
529862,1517252,Alice Lee
529862,172156,Patch Darragh
529862,169244,Peter Vack
529862,1387671,Kate Arrington
529862,210957,Juri Henley-Cohn
746419,1271,Andy Garcia
746419,94759,Gloria Estefan
746419,1371297,Adria Arjona
746419,1428070,Isabela Merced
746419,935201,Diego Boneta
746419,1750837,Ana Fabrega
746419,12798,Enrique Murciano
746419,15007,Laura Harring
746419,1434041,Ruben Rabasa
746419,3596168,Marta Velasco
845781,18918,Dwayne Johnson
845781,16828,Chris Evans
845781,140,Lucy Liu
845781,18999,J.K. Simmons
845781,5149,Bonnie Hunt
845781,571418,Kristofer Hivju
845781,934289,Kiernan Shipka
845781,139309,Mary Elizabeth Ellis
845781,2947012,Wesley Kimmel
845781,208519,Nick Kroll
458897,37917,Kristen Stewart
458897,240724,Naomi Scott
458897,2092879,Ella Balinska
458897,9281,Elizabeth Banks
458897,2387,Patrick Stewart
458897,938,Djimon Hounsou
458897,237455,Sam Claflin
458897,17243,Jonathan Tucker
458897,105648,Nat Faxon
458897,145248,Chris Pang
913814,116266,David Earl
913814,1984213,Chris Hayward
913814,1244469,Louise Brealey
913814,208179,Jamie Michie
913814,7063,Nina Sosanya
913814,1132566,Lynn Hunter
913814,2189037,Lowri Izzard
913814,3396963,Mari Izzard
913814,2663351,Cara Chase
913814,3002842,Sunil Patel
239573,4937,Vince Vaughn
239573,54697,Dave Franco
239573,23459,Sienna Miller
239573,207,Tom Wilkinson
239573,11006,James Marsden
239573,83873,June Diane Raphael
239573,11109,Nick Frost
239573,933578,Ella Anderson
239573,1371550,Anastasia Mousis Sanidopoulos
239573,1371551,Melissa McMeekin
552504,47733,Zoë Tapper
552504,25438,Ed Speleers
552504,17022,Antonia Campbell-Hughes
552504,1106964,Jan Bijvoet
552504,1431773,Lukas Loughran
552504,1156544,Danny Thykær
552504,1542784,Klaus Hjuler
552504,2504149,Robin Gott
552504,1206930,Patrik Karlson
552504,40423,Thomas Chaanhing
744594,1023139,Adam Driver
744594,45400,Greta Gerwig
744594,1896,Don Cheadle
744594,1055230,Raffey Cassidy
744594,3153829,Sam Nivola
744594,3052498,May Nivola
744594,1695989,Jodie Turner-Smith
744594,37934,André 3000
744594,2497974,Sam Gold
744594,52930,Carlos Jacott
543540,1253353,Noah Centineo
543540,54722,Laura Marano
543540,1814288,Odiseas Georgiadis
543540,1721740,Camila Mendes
543540,59841,Matt Walsh
543540,141762,Joe Chrest
543540,1158068,Carrie Lazar
543540,1347285,Alexander Biglane
543540,1651966,Blaine Kern III
543540,1903427,Zak Steiner
866413,21007,Jonah Hill
866413,98772,Lauren London
866413,776,Eddie Murphy
866413,15886,Julia Louis-Dreyfus
866413,1859727,Sam Jay
866413,9781,Nia Long
866413,2108108,"Travis ""Taco"" Bennett"
866413,12640,David Duchovny
866413,1782117,Molly Gordon
866413,216140,Deon Cole
1192745,85825,Leighton Meester
1192745,1223726,Robbie Amell
1192745,75463,Michael Hitchcock
1192745,162747,Kathryn Greenwood
1192745,2280695,Veronika Slowikowska
1192745,4137074,Steven Huy
1192745,1858370,Thomas Cadrot
1192745,1761093,Donna Benedicto
1192745,61187,Daniel Bacon
1192745,4404297,Lucas Chadwick
381040,208519,Nick Kroll
381040,36801,Adam Scott
381040,213001,Jenny Slate
381040,35028,Zoe Kazan
381040,1106614,Talia Tabin
381040,1301801,Heidi Lewandowski
381040,133046,Charlie Hewson
381040,1593387,Kellen Boyle
381040,1394795,Maryanne Nagel
381040,1593390,Yassie Hawkes
346698,234352,Margot Robbie
346698,30614,Ryan Gosling
346698,59174,America Ferrera
346698,1767250,Ariana Greenblatt
346698,1455336,Issa Rae
346698,1240487,Kate McKinnon
346698,1253199,Alexandra Shipp
346698,2201315,Emma Mackey
346698,1611609,Hari Nef
346698,1474028,Sharon Rooney
814800,3489,Naomi Watts
814800,1696015,Cameron Crovetti
814800,1696014,Nicholas Crovetti
814800,50117,Peter Hermann
814800,74961,Jeremy Bobb
814800,2127658,Crystal Lucas-Perry
1155089,66743,Matt Bomer
1155089,49624,Jensen Ackles
1155089,228721,Darren Criss
1155089,1692795,Meg Donnelly
1155089,34408,Stana Katic
1155089,22125,Jimmi Simpson
1155089,17306,Zachary Quinto
1155089,13477,Jonathan Adams
1155089,1620226,Ike Amadi
1155089,5375,Geoffrey Arend
1058638,164094,Marin Ireland
1058638,159657,Judy Reyes
1058638,3662707,A.J. Lister
1058638,1442829,Breeda Wool
1058638,53651,Monique Gabriela Curnen
1058638,56689,LaChanze
1058638,1998577,Bryant Carroll
1058638,1370983,Rachel Zeiger-Haag
1058638,1437567,Erica Sweany
1058638,1029700,Richard Gallagher
333658,77767,Rachael Carpani
333658,224185,James Maslow
333658,32224,Jason Lewis
333658,61831,Sammi Hanratty
333658,1381295,Anthony Konechny
333658,103285,Leah Gibson
333658,549972,Nikohl Boosheri
333658,1448194,Andrew Herr
333658,1512173,Aidan Kahn
333658,1883763,Nancy Ebert
309924,117669,Portia Doubleday
309924,71507,Marc-André Grondin
309924,38026,Chris Noth
309924,34485,Lauren Holly
309924,87579,Natalie Krill
309924,208539,Anna Hopkins
309924,65471,Mimi Kuzyk
309924,54793,Carlo Rota
309924,66750,Colin Mochrie
309924,1079084,Lola Tash
270010,31,Tom Hanks
270010,20275,Sarita Choudhury
270010,32683,Sidse Babett Knudsen
270010,17064,Ben Whishaw
270010,4139,Tom Skerritt
270010,558917,Tracey Fairaway
270010,1242987,David Menkin
270010,1163873,Omar Elba
270010,158414,Jane Perry
270010,1618271,Amira El Sayed
339967,1813,Anne Hathaway
339967,58224,Jason Sudeikis
339967,970216,Austin Stowell
339967,1462,Tim Blake Nelson
339967,221018,Dan Stevens
339967,1562430,Hannah Cheramy
339967,1807685,Nathan Ellison
339967,1778590,Sarah Surh
339967,2136895,Haeun Hannah Cho
339967,2640686,Joe Costa
586707,1251567,Drew Van Acker
586707,56542,Addison Timlin
586707,54815,Steven Strait
586707,19655,James D'Arcy
586707,7220,Mark Famiglietti
586707,1736728,Hilary Barraford
586707,1845010,Nicholas Baroudi
586707,2023499,Ellen Michelle Monohan
380808,1652983,Yossi Melman
380808,1642421,Ralph Langner
380808,1652984,Emad Kiyaei
380808,1652985,Richard A. Clarke
380808,1642414,Eric Chien
380808,1642422,Liam O'Murchu
380808,19011,George W. Bush
380808,216674,Hillary Clinton
380808,230551,Mikhail Gorbachev
380808,18802,Ronald Reagan
331781,558820,Amy Winehouse
331781,77071,Mark Ronson
331781,138986,Tony Bennett
331781,208635,Pete Doherty
331781,1480431,Juliette Ashby
331781,4239,Yasiin Bey
331781,3152309,Mitch Winehouse
331781,3152311,Tyler James
331781,4725578,Nick Shymansky
331781,58853,Salaam Remi
1028703,1543051,Lacy Hartselle
1028703,2118633,Cale Adcock
1028703,3509806,Luv Patel
1028703,951016,Henry Haggard
1028703,1768114,Allison Shrum
1028703,2118634,Alice Raver
1028703,1743834,Brad Belemjian
1028703,3716013,Patrick Sharn
1028703,3716006,Claire Palmer
1028703,3716009,Sally Harvey Anderson
464052,90633,Gal Gadot
464052,62064,Chris Pine
464052,41091,Kristen Wiig
464052,1253360,Pedro Pascal
464052,32,Robin Wright
464052,935,Connie Nielsen
464052,1829985,Lilly Aspell
464052,2960,Amr Waked
464052,159386,Kristoffer Polaha
464052,1546282,Natasha Rothwell
477462,20374,Teresa Palmer
477462,1102427,Steven Cree
477462,203459,Barbara Marten
477462,2503100,Tristan Ruggeri
477462,1732294,Andres Dvinjaninov
477462,3670243,Nick Connor
477462,3501522,Tiiu Uibo
477462,138129,Raivo Trass
477462,2781372,Liisi Org
477462,3670245,Kert Kurist
882598,1396124,Sosie Bacon
882598,59219,Kyle Gallner
882598,198847,Jessie T. Usher
882598,79087,Robin Weigert
882598,145245,Caitlin Stasey
882598,53493,Kal Penn
882598,1281250,Rob Morgan
882598,212766,Gillian Zinser
882598,159657,Judy Reyes
882598,1677346,Jack Sochet
447362,120724,Jaden Smith
447362,1289968,Cara Delevingne
447362,9777,Cuba Gooding Jr.
447362,1260036,Chris D'Elia
447362,1795840,JT Neal
447362,1684024,Stony Blyden
447362,229,Peter MacNeill
447362,150,RZA
447362,9781,Nia Long
447362,1292576,Michelle Giroux
368596,7447,Alec Baldwin
368596,147,Michael Madsen
368596,19144,Shannen Doherty
368596,2047,Danny Glover
368596,18750,Annabella Sciorra
368596,17928,Joseph D'Onofrio
368596,3218,Louis Lombardi
368596,72983,Manny Perez
368596,7466,Paul Borghese
368596,1536181,Patricia Stark
979275,8891,John Travolta
979275,79795,Shiloh Fernandez
979275,10822,Stephen Dorff
979275,78030,Ashley Benson
979275,6863,Kevin Dillon
979275,92949,Timothy V. Murphy
979275,1105311,Emily Tremaine
979275,62715,Robert Miano
979275,995329,Tommy G. Kendrick
979275,1271111,Jesse Sharp
201085,76070,Mia Wasikowska
201085,83002,Jessica Chastain
201085,91606,Tom Hiddleston
201085,56365,Charlie Hunnam
201085,29862,Jim Beaver
201085,39659,Burn Gorman
201085,25834,Leslie Hope
201085,8537,Jonathan Hyde
201085,17005,Doug Jones
201085,5945,Bruce Gray
606234,587020,Theo James
606234,1137823,Stacy Martin
606234,25702,Rhona Mitra
606234,109833,Peter Ferdinando
606234,65890,Lia Williams
606234,13014,Toby Jones
606234,193020,Richard Glover
606234,2327106,Hans Peterson
606234,2716134,Hadisha Sovetova
606234,3021015,Imre Csók
515001,2054851,Roman Griffin Davis
515001,1356758,Thomasin McKenzie
515001,1245,Scarlett Johansson
515001,55934,Taika Waititi
515001,6807,Sam Rockwell
515001,221581,Rebel Wilson
515001,71586,Alfie Allen
515001,39189,Stephen Merchant
515001,2089892,Archie Yates
515001,59096,Luke Brandon Field
501630,125025,Joey King
501630,1193604,Jack Kilmer
501630,71402,Andrea Savage
501630,1285592,Erin Darke
501630,1663960,Kelly Lamor Wilson
501630,1968775,Stephen Ruffin
501630,59843,Paul Scheer
501630,35515,June Squibb
501630,1968774,Logan Medina
501630,1968773,Elise DuQuette
597316,67599,Vanessa Hudgens
597316,1443708,Kimiko Glenn
597316,11006,James Marsden
597316,1331457,Sofia Carson
597316,1700631,Liza Koshy
597316,83586,Ken Jeong
597316,20,Elizabeth Perkins
597316,13636,Jane Krakowski
597316,31549,Phil LaMarr
597316,21731,Michael McKean
419835,515,Glenn Close
419835,232396,Max Irons
419835,1587318,Stefanie Martini
419835,110014,Christina Hendricks
419835,28641,Terence Stamp
419835,1363045,Honor Kneafsey
419835,6104,Julian Sands
419835,12214,Gillian Anderson
419835,28478,Christian McKay
419835,199522,Amanda Abbington
309063,1190385,Justin Armstrong
309063,1414197,Swisyzinna
309063,1041591,Israel Luna
309063,111005,Nicole Holt
309063,1811174,Gerald Crum
309063,1490645,Jessica Willis
309063,3632746,Eric Zettina
309063,1190388,Eric Window
309063,2203607,Chaselyn Wade
309063,4790998,Ty Larson
723347,94185,Shailene Woodley
723347,212285,Jack Whitehall
723347,85236,Paul Rust
723347,1180701,Nick Rutherford
723347,2123597,Paul Jurewicz
723347,154744,David Grant Wright
723347,1132690,Emanuela Postacchini
723347,932696,Chelsea Edmundson
723347,1195834,Jackamoe Buzzell
723347,2798597,Samantha Ashley
1022964,776,Eddie Murphy
1022964,74611,Tracee Ellis Ross
1022964,1226302,Jillian Bell
1022964,1352920,Genneya Walton
1022964,2864869,Thaddeus J. Mixson
1022964,3863802,Madison Thomas
1022964,17039,Nick Offerman
1022964,1631358,Chris Redd
1022964,1110105,Robin Thede
1022964,58563,David Alan Grier
682110,590479,Craig Foster
682110,3063936,Tom Foster
934433,1373659,Melissa Barrera
934433,974169,Jenna Ortega
934433,1508653,Jasmin Savoy Brown
934433,2174509,Mason Gooding
934433,1895760,Jack Champion
934433,51957,Roger L. Jackson
934433,60458,Liana Liberato
934433,20212,Dermot Mulroney
934433,1352921,Devyn Nekoda
934433,426216,Josh Segarra
426238,1716493,Harris Dickinson
426238,1716494,Madeline Weinstein
426238,151363,Kate Hodge
426238,58544,Neal Huff
426238,1795535,Nicole Flyus
426238,1795532,Frank Hakaj
426238,1795533,David Ivanov
426238,1795534,Anton Selyaninov
426238,1793039,Harrison Sheehan
426238,1795536,Douglas Everett Davis
779057,1244,Jonathan Rhys Meyers
779057,6949,John Malkovich
779057,1602964,Ruby Modine
779057,157095,Jenna Leigh Green
779057,6104,Julian Sands
779057,15309,Lori Petty
779057,1910781,Thaddeus Street
779057,929980,Jonny Orsini
779057,1758669,Charlie Sara
779057,1017259,Simon Phillips
262982,17178,Patrick Wilson
262982,6972,Ian McShane
262982,5723,John Leguizamo
262982,21044,Lynn Collins
262982,26485,Jim Belushi
262982,1698008,Karli Hall
262982,1518644,David H. Stevens
262982,1698009,Derek Boone
262982,135529,Yolanda Stange
262982,7144,Michael Flynn
298582,1251847,Ana Golja
298582,3130,Jennifer Beals
298582,1384315,Asha Bromfield
298582,1397603,Trevor Tordjman
298582,168750,Jake Epstein
298582,1225402,Ramona Milano
298582,1397605,Lamar Johnson
298582,1228355,Sarah Fisher
298582,41256,Art Hindle
298582,1818554,Genny Sermonia
274167,23659,Will Ferrell
274167,13240,Mark Wahlberg
274167,1817,Linda Cardellini
274167,19159,Thomas Haden Church
274167,1512021,Scarlett Estevez
274167,1552636,Owen Vaccaro
274167,21127,Bobby Cannavale
274167,500427,Hannibal Buress
274167,109708,Bill Burr
274167,1219121,Jamie Denbo
395883,7447,Alec Baldwin
395883,73525,Michelle Ryan
395883,2047,Danny Glover
395883,137426,Gale Harold
395883,557921,Leo Howard
395883,1316023,Jon Kortajarena
395883,94256,Margareth Madè
395883,1674352,Skin
395883,1636737,Gaia Scodellaro
395883,1170844,Clara Pasieka
153518,58224,Jason Sudeikis
153518,54415,Josh Gad
153518,62862,Danny McBride
153518,52792,Maya Rudolph
153518,19278,Bill Hader
153518,22970,Peter Dinklage
153518,2228,Sean Penn
153518,298410,Keegan-Michael Key
153518,1240487,Kate McKinnon
153518,25147,Tony Hale
567738,55636,Donald Sutherland
567738,52646,Vincent Kartheiser
567738,99655,Oliver Dennis
567738,948533,Paul Braunstein
567738,1727020,Matt Baram
567738,1166834,Dan Beirne
567738,99181,Joanne Boland
567738,154917,Al Sapienza
567738,1711569,Jess Salgueiro
567738,2091742,Parveen Kaur
278247,21403,Thomas Ian Nicholas
278247,53926,Jon Heder
278247,95136,David Henrie
278247,1234708,Jodie Sweetin
278247,1394514,Arthur L. Bernstein
278247,296712,Ayla Kell
278247,1224493,Hunter Gomez
278247,437100,Taylor Gray
278247,1893351,Kate Katzman
278247,1723640,Flora Bonfanti
376581,21593,Jason Biggs
376581,90755,Janet Montgomery
376581,63661,Jenny Mollen
376581,67600,Ashley French
376581,1591489,Bria L. Murphy
376581,6106,Steven Weber
376581,1570684,Adrian Voo
376581,58368,Robert Hoffman
376581,63235,Cedric Yarbrough
376581,177508,Rusty Joiner
1209288,49624,Jensen Ackles
1209288,228721,Darren Criss
1209288,1692795,Meg Donnelly
1209288,34408,Stana Katic
1209288,13477,Jonathan Adams
1209288,1803286,Gideon Adlon
1209288,5375,Geoffrey Arend
1209288,963818,Troy Baker
1209288,225863,Zach Callison
1209288,1352628,Darin De Paul
334521,2037,Cillian Murphy
334521,60073,Brie Larson
334521,53807,Armie Hammer
334521,82191,Sharlto Copley
334521,1007683,Jack Reynor
334521,32987,Sam Riley
334521,17078,Michael Smiley
334521,1284,Noah Taylor
334521,41044,Babou Ceesay
334521,91494,Enzo Cilenti
848886,2315652,Zelda Adams
848886,1384575,Toby Poser
848886,2315662,Lulu Adams
848886,1391986,John Adams
848886,3443160,Rinzin Thonden
848886,3443161,Khenzom
848886,2322082,Shawn Wilson
848886,3443164,Judy Rosen
848886,2179200,Rob Figueroa
848886,3454589,Tess McKeegan
814757,39187,Olivia Colman
814757,2380397,Micheal Ward
814757,13014,Toby Jones
814757,5472,Colin Firth
814757,75066,Tom Brooke
814757,31427,Tanya Moodie
814757,3260026,Hannah Onslow
814757,1371518,Crystal Clarke
814757,229606,Monica Dolan
814757,5319,Ron Cook
572400,1774679,Jack Dylan Grazer
572400,1687041,Fionn Whitehead
572400,11678,Rainn Wilson
572400,8211,Mena Suvari
572400,2207130,Graham Lutes
572400,2174807,Richard Fike
572400,2207132,Abigail Esmena Froehle
572400,3006423,McKenna Christine Poe
572400,2059937,Kate Duncan
572400,3006425,Seth Poe
306943,191228,Victoria Justice
306943,1214430,Eden Sher
306943,208225,Ashley Rickards
306943,212934,Avan Jogia
306943,1254435,Peyton List
306943,984658,Claudia Lee
306943,11805,Frank Whaley
306943,18982,Ted McGinley
306943,1053170,Katie Chang
306943,1011103,Will Peltz
913673,54789,Sean Patrick Flanery
913673,144675,Jordan Belfi
913673,158097,Tom Ohmer
913673,1217738,Glenn Beck
913673,1079780,Daniel Martin Berkey
913673,16500,Mark De Alessandro
913673,169396,Cameron Arnett
913673,1850474,James Healy Jr.
913673,3066504,Sarah Hernandez
913673,117367,Jarret LeMaster
597156,5374,Jim Parsons
597156,17306,Zachary Quinto
597156,66743,Matt Bomer
597156,990369,Andrew Rannells
597156,1224105,Michael Benjamin Washington
597156,110505,Robin de Jesús
597156,157942,Tuc Watkins
597156,452696,Charlie Carver
597156,77093,Brian Hutchison
597156,2119063,Brian Dole
877817,1461,George Clooney
877817,287,Brad Pitt
877817,148992,Austin Abrams
877817,39388,Amy Ryan
877817,428440,Poorna Jagannathan
877817,31960,Zlatko Burić
877817,21125,Richard Kind
877817,3910,Frances McDormand
877817,4968185,Sergio Cota Jr.
877817,4968186,Alfred Chou
647250,1187274,Bert Kreischer
647250,2,Mark Hamill
647250,1304335,Jimmy Tatro
647250,204651,Stephanie Kurtzuba
647250,111058,Nikola Đuričko
647250,569938,Iva Babić
647250,1510237,Martyn Ford
647250,1464090,Robert Maaser
647250,1803480,Jess Gabor
647250,2758854,Rita Bernard-Shaw
312793,1434687,Tim Ogletree
312793,1445528,Joey Oglesby
312793,35701,Dave Sheridan
312793,211952,Troy Ogletree
312793,1163789,Sophia Ali
312793,1445529,Danielle Garcia
312793,1445530,Mason Dakota Galyon
312793,886142,Jacqui Holland
312793,60693,Andrew Pozza
312793,1445532,Richard Lukens
346671,36801,Adam Scott
346671,19034,Evangeline Lilly
346671,1680487,Owen Atlas
346671,1486957,Bridget Everett
346671,49002,Donald Faison
346671,1260036,Chris D'Elia
346671,1215836,Kyle Bornheimer
346671,6574,Clancy Brown
346671,51383,Tyler Labine
346671,35,Sally Field
268920,368,Reese Witherspoon
268920,63522,Sofía Vergara
268920,3911,John Carroll Lynch
268920,1038379,Robert Kazinsky
268920,55755,Richard T. Jones
268920,72994,Michael Mosley
268920,85484,Matthew Del Negro
268920,155540,Benny Nieves
268920,1381148,Michael Ray Escamilla
268920,1983,Vincent Laresca
435615,127558,Andrea Riseborough
435615,984629,Christopher Abbott
435615,10431,Jennifer Jason Leigh
435615,48,Sean Bean
435615,89822,Tuppence Middleton
435615,58014,Rossif Sutherland
435615,70787,Kaniehtiio Horn
435615,43243,Raoul Bhaneja
435615,2080178,Gage Graham-Arbuthnot
435615,2082255,Gabrielle Graham
311324,1892,Matt Damon
311324,1151657,Jing Tian
311324,5293,Willem Dafoe
311324,25246,Andy Lau
311324,1253360,Pedro Pascal
311324,99687,Zhang Hanyu
311324,1382332,Lu Han
311324,1254211,Lin Gengxin
311324,126778,Eddie Peng Yu-Yan
311324,1376106,Huang Xuan
414453,68842,John Cho
414453,1286328,Haley Lu Richardson
414453,41820,Michelle Forbes
414453,28042,Rory Culkin
414453,7489,Parker Posey
414453,1724562,Erin Allegretti
414453,1522485,Shani Salyers Stiles
414453,1512204,Reen Vogel
414453,1724563,Rosalyn R. Ross
414453,1724564,Lindsey Shope
714011,33450,Joanna Scanlan
714011,6019,Nathalie Richard
714011,946350,Nasser Memarzia
714011,929820,Talid Ariss
714011,1855066,Sudha Bhuchar
714011,2898512,Nisha Chadha
714011,2898513,Jabeen Butt
714011,2898514,Subika Anwar-Khan
714011,2898515,Elijah Braik
714011,1814068,Adam Karim
958196,5293,Willem Dafoe
958196,1913732,Gene Bervoets
958196,3060960,Eliza Stuyck
958196,1701193,Andrew Blumenthal
958196,1635757,Vincent Eaton
958196,3994976,Daniel White
958196,1889272,Josia Krug
958196,3994978,Cornelia Buch
958196,3994979,Ava von Voigt
958196,3994980,Youl Samare
358895,1108907,Nick Robinson
358895,109868,Morgan Saylor
358895,90498,Devon Bostick
358895,17640,Susan Misner
358895,80967,Ricardo Chavira
358895,4238,Common
358895,2130,Cary Elwes
358895,146333,Christy Summerhays
358895,164914,Erik Audé
358895,1720845,Richard Sharrah
431093,144275,Karla Souza
431093,72128,José María Yázpik
431093,1394235,Ben O'Toole
431093,1486655,Patricia Bernal
431093,974732,Tiaré Scanda
431093,33294,K.C. Clyde
431093,224506,Alejandro Camacho
431093,969412,Ximena Romo
431093,234070,Harold Torres
431093,1838726,Luke Valenzuela
395993,131,Jake Gyllenhaal
395993,61134,Tatiana Maslany
395993,8436,Miranda Richardson
395993,1784944,Richard Lane Jr.
395993,1754480,Nate Richman
395993,87131,Lenny Clarke
395993,1784942,Patty O'Neil
395993,6574,Clancy Brown
395993,1588930,Kate Fitzgerald
395993,59145,Danny McCarthy
394537,55089,Evan Peters
394537,1261694,Barkhad Abdi
394537,29369,Melanie Griffith
394537,1158,Al Pacino
394537,211991,Philip Ettinger
394537,1599705,Russell Posner
394537,1610858,Kiana Madani
394537,1610859,Maria Vos
394537,1454360,Jojo Gonzalez
394537,1636811,Coral Peña
354110,2628,Kiefer Sutherland
354110,55636,Donald Sutherland
354110,3416,Demi Moore
354110,1248,Brian Cox
354110,1121961,Siobhan Williams
354110,7486,Michael Wincott
354110,138558,Landon Liboiron
354110,4031,Greg Ellis
354110,142109,Wesley Morgan
354110,180942,Aaron Poole
449985,57207,Tony Jaa
449985,579330,Tiger Chen Hu
449985,113732,Iko Uwais
449985,78110,Scott Adkins
449985,64856,Michael Jai White
449985,78909,Michael Bisping
449985,1224028,Celina Jade
449985,135347,JeeJa Yanin
449985,84311,Dominique Vandenberg
449985,64896,Michael Wong
492565,569,Ethan Hawke
492565,122889,Dane DeHaan
492565,2247466,Jake Schur
492565,1681867,Leila George
492565,2059,Adam Baldwin
492565,73457,Chris Pratt
492565,2358221,Charlie Chappell
492565,1527969,Clint Obenchain
492565,1128308,Chris Bylsma
492565,1819105,Chad Dashnaw
376134,41088,Jason Segel
376134,108916,Rooney Mara
376134,4135,Robert Redford
376134,88124,Jesse Plemons
376134,98522,Riley Keough
376134,85170,Ron Canada
376134,1473140,Brian McCarthy
376134,1464357,Kimleigh Smith
376134,1497858,M.J. Karmi
376134,1701711,Adam Khaykin
621870,1768964,Peyton Elizabeth Lee
621870,1583971,Ashley Liao
621870,1132646,Isabella Blake-Thomas
621870,1928288,Olivia Deeble
621870,1891446,Niles Fitch
621870,2130055,Faly Rakotohavana
621870,78147,Élodie Yung
621870,73128,Skylar Astin
621870,524503,Noah Lomax
621870,231,Greg Bryk
382399,1576443,Keenan Kampa
382399,1425934,Nicholas Galitzine
382399,1457238,Sonoya Mizuno
382399,10223,Jane Seymour
382399,1262547,Richard Southgate
382399,652,Paul Freeman
382399,1540118,Marcus Emanuel Mitchell
382399,8768,Maia Morgenstern
382399,1608416,Anabel Kutay
382399,3804419,John Silver
1061117,4493151,Caleb 'Kai' McGillvary
1061117,4493153,Jessob Reisbeck
1061117,4493156,Brad Mulcahy
1061117,4493160,Lisa Samsky
1061117,4493165,Jeff Stricker
1061117,4493166,Gabriel Francisco
1061117,4493169,Tony Martin
1061117,4493171,Jeremy McGillvary Wolfe
1061117,4493172,Shirley McGillvary
1061117,4493174,Bob Ellenport
1003580,1692795,Meg Donnelly
1003580,232499,Harry Shum Jr.
1003580,49624,Jensen Ackles
1003580,1803286,Gideon Adlon
1003580,66743,Matt Bomer
1003580,228721,Darren Criss
1003580,229434,Robbie Daymond
1003580,1352628,Darin De Paul
1003580,1178795,Ben Diskin
1003580,1971010,Victoria Grace
510388,137905,Bill Skarsgård
510388,1094091,Maika Monroe
510388,26467,Kyra Sedgwick
510388,52886,Jeffrey Donovan
510388,1931911,Blake Baumgartner
510388,1526764,Noah Robbins
510388,2032735,Nikolas Kontomanolis
510388,1089638,Danny Johnson
391710,62831,Will Forte
391710,93210,Domhnall Gleeson
391710,80742,Martin Mull
391710,1267216,Neil Casey
391710,1406450,Jon Daly
391710,88928,Nelson Franklin
391710,124723,John Gemberling
391710,1260039,Rick Glassman
391710,13922,Seth Green
391710,35518,Harry Groener
768520,1430894,Lauren Swickard
768520,2521557,Josh Swickard
768520,294813,Ali Afshar
768520,210389,David Del Rio
768520,2893058,Natalia Mann
768520,2893059,Katelyn Epperly
768520,2080647,Gunnar Anderson
768520,1763062,Julie Lancaster
768520,19275,Amanda Detmer
768520,2444499,Montanna Gillis
294016,17419,Bryan Cranston
294016,31164,Adewale Akinnuoye-Agbaje
294016,52849,Louis C.K.
294016,84522,David James Elliott
294016,18050,Elle Fanning
294016,1230,John Goodman
294016,2882,Diane Lane
294016,72873,Michael Stuhlbarg
294016,21088,Alan Tudyk
294016,15735,Helen Mirren
354912,1193391,Anthony Gonzalez
354912,258,Gael García Bernal
354912,4589,Benjamin Bratt
354912,10402,Alanna Ubach
354912,154004,Renée Victor
354912,545087,Jaime Camil
354912,22767,Alfonso Arau
354912,178667,Herbert Siguenza
354912,86498,Gabriel Iglesias
354912,4992,Lombardo Boyar
352890,1493271,Markees Christmas
352890,64342,Craig Robinson
352890,1013973,Carla Juri
352890,1493272,Lina Keller
352890,489961,Jakub Gierszał
352890,7161,Eva Löbau
352890,119068,Levin Henning
352890,23126,Patrick Güldenberg
352890,1561242,Leon Badenhop
352890,1561243,Marie Löschhorn
416153,17051,James Franco
416153,17604,Jeremy Renner
416153,7447,Alec Baldwin
416153,5657,Anjelica Huston
416153,147,Michael Madsen
416153,10584,Heidi Klum
416153,8930,John Cleese
416153,78423,Omar Sy
416153,8332,Laurie Holden
416153,2440770,Donny Falsetti
407559,47720,Ruth Wilson
407559,33644,Paula Prentiss
407559,12438,Bob Balaban
407559,86232,Lucy Boynton
407559,938121,Brad Milne
407559,1816075,Daniel Chichagov
407559,53718,Erin Boyes
407559,2505813,Beatrix Perkins
407559,3191791,James Perkins
587693,53485,Rose McIver
587693,1173231,Ben Lamb
587693,2506,Alice Krige
587693,1363045,Honor Kneafsey
587693,1366857,Theo Devaney
587693,1812318,Kevin Shen
587693,2476377,Momo Yeung
587693,31364,Sarah Douglas
587693,179771,Richard Ashton
587693,1376876,Raj Bajaj
488223,4169,Dave Chappelle
474051,1334638,Jack Lowden
474051,76104,Martin McCann
474051,2220,Tony Curran
474051,95716,Ian Pirie
474051,2167765,Kitty Lovett
474051,107380,Cal MacAninch
474051,1473276,Cameron Jack
474051,1240399,Kate Bracken
474051,55581,George Anton
474051,3069,Thérèse Bradley
323272,167132,Karen Abercrombie
323272,1498038,Priscilla C. Shirer
323272,525138,T.C. Stallings
323272,1498041,Tenae Downing
323272,1498042,Alena Pitts
323272,215301,Michael Jr.
323272,1498040,Jadin Harris
323272,78040,Alex Kendrick
323272,1009804,Dave Blamy
323272,1643869,Thomas Ford
371449,88124,Jesse Plemons
371449,28640,Molly Shannon
371449,11367,Bradley Whitford
371449,41090,Maude Apatow
371449,219666,Madisen Beaty
371449,1542758,John Early
371449,464993,Zach Woods
371449,1520451,Josie Totah
371449,35515,June Squibb
371449,15900,Paul Dooley
942199,1223726,Robbie Amell
942199,22123,Jordana Brewster
942199,1489211,Simu Liu
942199,65731,Sam Worthington
942199,1155085,Alicia Sanz
942199,1632661,Masa Lizdek
942199,2707692,Christine L. Nguyen
942199,1510492,Emmanuel Kabongo
942199,2510890,Samantha Helt
942199,43263,Conrad Coates
635237,206483,Richard Short
635237,1000873,Joe Egan
635237,1132153,Ronan Summers
635237,1704853,Olivia Bernstone
635237,2414076,Georgia Curtis
635237,237021,Charlie Hiett
635237,938334,Jennifer Matter
635237,1562086,Stella Stocker
635237,1379313,James G. Nunn
635237,1211164,Kris Johnson
466876,1529446,Becky G
466876,1428143,Nash Grier
466876,15762,Tara Strong
466876,15760,Josh Peck
466876,28638,David Koechner
466876,542870,Olivia Holt
466876,41798,George López
466876,1226274,Madison De La Garza
466876,76982,Jeff Dunham
466876,81378,Salli Saffioti
512895,62561,Tessa Thompson
512895,15009,Justin Theroux
512895,1253355,Kiersey Clemons
512895,1142720,Thomas Mann
512895,55398,Ashley Jensen
512895,30082,Benedict Wong
512895,1005852,Janelle Monáe
512895,111513,Yvette Nicole Brown
512895,1457999,Arturo Castro
512895,94432,Adrian Martinez
740903,57395,Natasha Henstridge
740903,2714,Lance Henriksen
740903,33527,Adam Beach
740903,76543,Chris Browning
740903,106730,Branscombe Richmond
740903,1430895,Angeline Appel
740903,1086527,Gavin Casalegno
740903,92842,Cristi Harris
740903,2551675,Will Ropp
740903,995003,Elijah Nelson
890215,15886,Julia Louis-Dreyfus
890215,10920,Tobias Menzies
890215,113224,Michaela Watkins
890215,457386,Arian Moayed
890215,1586047,Owen Teague
890215,20354,Amber Tamblyn
890215,212,David Cross
890215,1838225,Zach Cherry
890215,61010,LaTanya Richardson Jackson
890215,25908,Sarah Steele
653601,88029,Alison Brie
653601,123846,Debby Ryan
653601,1674830,John Reynolds
653601,28640,Molly Shannon
653601,40543,John Ortiz
653601,449513,Meredith Hagner
653601,1456280,Jake Picking
653601,19839,David Paymer
653601,45405,Jay Duplass
653601,18271,Toby Huss
704239,13240,Mark Wahlberg
704239,4587,Halle Berry
704239,18999,J.K. Simmons
704239,450,Mike Colter
704239,31164,Adewale Akinnuoye-Agbaje
704239,1196822,Jessica De Gouw
704239,1517252,Alice Lee
704239,17183,Jackie Earle Haley
704239,55467,Stephen Campbell Moore
704239,11478,Lorraine Bracco
893723,1172108,Mckenna Grace
893723,40036,Taraji P. Henson
893723,1407498,Marsai Martin
893723,1684536,Iain Armitage
893723,1721268,Christian Convery
893723,3044930,Will Brisbin
893723,2844053,Finn Lee-Epp
893723,1227611,Ron Pardo
893723,1488961,Lil Rel Howery
893723,2632,Chris Rock
547016,6885,Charlize Theron
547016,1884703,KiKi Layne
547016,91378,Veronica Ngô
547016,73381,Matthias Schoenaerts
547016,935235,Marwan Kenzari
547016,509344,Luca Marinelli
547016,5294,Chiwetel Ejiofor
547016,10982,Harry Melling
547016,1816917,Natacha Karam
547016,20699,Anamaria Marinca
377448,1298360,Laverne Cox
377448,191228,Victoria Justice
377448,1512789,Ryan McCartan
377448,120831,Annaleigh Ashford
377448,216728,Adam Lambert
377448,64710,Reeve Carney
377448,37936,Christina Milian
377448,1564557,Staz Nair
377448,560446,Ivy Levan
377448,26664,Ben Vereen
1082063,1637781,Jack Haven
1082063,544608,Carloto Cotta
1082063,1018913,Anabela Moreira
1082063,1674769,Alba Baptista
1082063,109713,Rita Blanco
1082063,2805321,Beatriz Maia
1082063,2678487,Nuno Nolasco
1082063,935466,Sónia Balacó
1082063,1986986,Ana Tang
1082063,1121952,Valdemar Santos
351044,4495,Steve Carell
351044,41087,Leslie Mann
351044,28044,Merritt Wever
351044,1005852,Janelle Monáe
351044,9824,Diane Kruger
351044,118643,Falk Hentschel
351044,1222992,Eiza González
351044,1011904,Gwendoline Christie
351044,52396,Stefanie von Pfetten
351044,42287,Leslie Zemeckis
1017633,1614317,Sebastian Croft
1017633,3327515,Charithra Chandran
1017633,1130555,Tanner Buchanan
1017633,208099,Kunal Nayyar
1017633,11109,Nick Frost
1017633,2037501,Guz Khan
1017633,66446,Lucy Punch
1017633,1010912,Tim Downie
1017633,3264243,Daisy Jelley
1017633,4207481,Charles Camrose
499338,1702823,Rowan Smyth
499338,1824934,Matt Lindquist
499338,11065,Wilford Brimley
499338,23646,Jeremy London
499338,3197,Tom Sizemore
499338,18687,William McNamara
499338,1829679,Sarah Navratil
499338,1705774,Thomas Silcott
499338,3916158,Savanah Faith Milby
499338,200065,Chelsea Rendon
311667,3490,Adrien Brody
311667,63312,Yvonne Strahovski
311667,55152,Campbell Scott
311667,3130,Jennifer Beals
311667,782,Steven Berkoff
311667,113223,Linda Lavin
311667,54711,Kevin Breznahan
311667,1435416,Thomas Bair
311667,58942,Will Beinbrink
311667,171886,Frank Deal
341174,118545,Dakota Johnson
341174,1254583,Jamie Dornan
341174,33337,Eric Johnson
341174,222130,Eloise Mumford
341174,234982,Bella Heathcote
341174,1089873,Rita Ora
341174,49971,Jennifer Ehle
341174,56680,Luke Grimes
341174,59251,Victor Rasuk
341174,94864,Max Martini
395841,2954,Jeffrey Wright
395841,28846,Alexander Skarsgård
395841,18473,James Badge Dale
395841,98522,Riley Keough
395841,1061054,Julian Black Antelope
395841,7863,Tantoo Cardinal
395841,209513,Macon Blair
395841,1518194,Jonathan Whitesell
395841,19489,Peter McRobbie
395841,2137285,Beckam Crawford
615677,2077868,YaYa Gosselin
615677,2392709,Lyon Daniels
615677,1730704,Andy Walken
615677,1368479,Hala Finley
615677,2392708,Lotus Blossom
615677,2883298,Dylan Henry Lau
615677,2129561,Andrew Díaz
615677,2392706,Isaiah Russell-Bailey
615677,2258733,Akira Akbar
615677,2392710,Nathan Blair
354251,576223,Fabianne Therese
354251,31268,Larry Fessenden
354251,57278,Kate Beahan
354251,1499907,Zoe Cooper
354251,166684,Gerald Downey
354251,225366,Karla Droege
354251,122807,Dana Gould
354251,1499908,Hassie Harrison
354251,1061517,Roxanne Benjamin
354251,1392122,Nathalie Love
425931,57395,Natasha Henstridge
425931,164543,Lukas Hassel
425931,1014696,Augie Duke
425931,7401,Lin Shaye
425931,1821951,Alex Rinehart
425931,62000,Tiffany Shepis
425931,83387,Robert Donavan
425931,1821949,Caleb Scott
425931,1078324,John Michaelson
425931,1517785,Charles Marina
300654,21089,Bruce Greenwood
300654,989325,Ella Purnell
300654,49271,Brian Geraghty
300654,43366,Ann Dowd
300654,82819,Nolan Gerard Funk
300654,150954,Diane Farr
300654,26852,Joshua Leonard
300654,1209477,Erin Lindsay King
998846,2673762,Marisa Abela
998846,85065,Jack O'Connell
998846,1665,Eddie Marsan
998846,72305,Lesley Manville
998846,1213838,Juliet Cowan
998846,2812431,Sam Buchanan
998846,24605,Pete Lee-Wilson
998846,1177736,Thelma Ruby
998846,1706337,Michael S. Siegel
998846,2184685,Matilda Thorpe
567598,4581,Steve Coogan
567598,139075,David Mitchell
567598,52848,Isla Fisher
567598,77996,Asa Butterfield
567598,1282054,Sophie Cookson
567598,1834,Shirley Henderson
567598,207384,Sarah Solemani
567598,221985,Jamie Blackley
567598,11275,Stephen Fry
567598,1502438,Asim Chaudhry
583081,11155,Thomas Jane
583081,1053422,Patrick Schwarzenegger
583081,19655,James D'Arcy
583081,140652,Tomasz Kot
583081,1679828,Toni Garrn
583081,4757,Rupert Everett
583081,59860,Alice Eve
583081,999346,Kylie Bunbury
583081,82809,Annabelle Wallis
583081,61363,Alex Pettyfer
330544,15758,Queen Latifah
330544,60561,Mo'Nique
330544,51944,Mike Epps
330544,110742,Tika Sumpter
330544,39390,Michael Kenneth Williams
330544,17764,Charles S. Dutton
330544,23821,Bryan Greenberg
330544,17485,Oliver Platt
330544,19265,Khandi Alexander
330544,62645,Tory Kittles
335983,2524,Tom Hardy
335983,1812,Michelle Williams
335983,53240,Riz Ahmed
335983,87954,Scott Haze
335983,81316,Reid Scott
335983,213001,Jenny Slate
335983,4766,Melora Walters
335983,57755,Woody Harrelson
335983,2141479,Peggy Lu
335983,1765806,Malcolm C. Murray
854467,1105460,Jarrid Geduld
854467,2635811,Gail Mabalane
854467,938734,André Jacobs
854467,1658759,Nicole Fortuin
854467,107528,Louw Venter
854467,1277547,Abduragman Adams
854467,1229854,Hlomla Dandala
525946,1172108,Mckenna Grace
525946,19492,Viola Davis
525946,84407,Jim Gaffigan
525946,19,Allison Janney
525946,1637129,Charlie Shotwell
525946,2049279,Milan Ray
525946,2138132,Johanna Colón
525946,2338159,Bella Higginbotham
525946,51944,Mike Epps
525946,2055323,Ashley Brooke
347026,35013,David Oyelowo
347026,10882,Rosamund Pike
347026,10993,Tom Felton
347026,1709,Jack Davenport
347026,13093,Terry Pheto
347026,224194,Laura Carmichael
347026,208507,Jessica Oyelowo
347026,65887,Vusi Kunene
347026,190383,Nicholas Lyndhurst
347026,573737,Arnold Oceng
528502,20750,Judy Greer
528502,39391,Edi Gathegi
528502,559566,Payman Maadi
528502,1726891,Faithe Herman
528502,1297182,Whitney Morgan Cox
528502,1680872,Rachel Paulson
528502,1564256,Lisa Linke
528502,147617,Adam O'Byrne
528502,118397,Dionne Audain
528502,3490182,Veda Cienfuegos
283596,18023,Robert Carlyle
283596,7056,Emma Thompson
283596,5538,Ray Winstone
283596,55398,Ashley Jensen
283596,2467,James Cosmo
283596,14011,Tom Courtenay
283596,1204379,Kevin Guthrie
283596,16628,Martin Compston
283596,71770,Stephen McCole
283596,97165,Brian Pettifer
500919,2963,Nicolas Cage
500919,1623273,Sophie Skelton
500919,548375,Michael Rainey Jr.
500919,218565,Dwayne Cameron
500919,1315801,Weston Cage
500919,74302,Cory Hardrict
500919,81480,Ori Pfeffer
500919,1653370,Amanda Cerny
500919,231445,Michael Bellisario
500919,1829784,Mark Basnight
627725,53650,Anthony Mackie
627725,2231,Samuel L. Jackson
627725,3292,Nicholas Hoult
627725,9781,Nia Long
627725,1856163,Scott Daniel Johnson
627725,198847,Jessie T. Usher
627725,17782,Colm Meaney
627725,85142,Paul Ben-Victor
627725,97446,James DuMont
627725,1010799,Taylor Black
1181548,1531928,Bonko Khoza
1181548,2880997,Connie Ferguson
1181548,2387551,Masasa Mbangeni
1181548,1149946,Tim Theron
1181548,152244,Peter Butler
1181548,1658759,Nicole Fortuin
1181548,1149950,Sisanda Henna
1181548,1482164,Milan Murray
1181548,1148671,Deon Coetzee
1181548,3719592,Wanda Banda
616037,74568,Chris Hemsworth
616037,524,Natalie Portman
616037,3894,Christian Bale
616037,62561,Tessa Thompson
616037,55934,Taika Waititi
616037,934,Russell Crowe
616037,59817,Jaimie Alexander
616037,17605,Idris Elba
616037,73457,Chris Pratt
616037,543530,Dave Bautista
300666,19536,Josh Duhamel
300666,49,Maria Bello
300666,4784,Laura Dern
300666,1448031,Katrina Norman
300666,429,Lucas Till
300666,16857,Tom Everett Scott
300666,66658,Jae Head
300666,1080969,Shamier Anderson
300666,1148697,Adam Hurtig
300666,1128538,Paul Essiembre
879412,18999,J.K. Simmons
879412,955954,Fernanda Urrejola
879412,85718,Allen Leech
879412,2981417,Isabelle Anaya
879412,3252705,Nathan Vincenti
879412,78142,Graham Patrick Martin
879412,3252700,Andres Velez
879412,1512175,Kevin G. Quinn
879412,3252698,Olivia Simmons
879412,7872,Michael Spears
502356,73457,Chris Pratt
502356,1397778,Anya Taylor-Joy
502356,95101,Charlie Day
502356,70851,Jack Black
502356,298410,Keegan-Michael Key
502356,19274,Seth Rogen
502356,61110,Fred Armisen
502356,299743,Sebastian Maniscalco
502356,176340,Charles Martinet
502356,24362,Kevin Michael Richardson
592230,154647,Michael Greyeyes
592230,1593336,Elle-Máijá Tailfeathers
592230,1560185,Forrest Goodluck
592230,84218,Kiowa Gordon
592230,1228363,Olivia Scriven
592230,2278613,Stonehorse Lone Goeman
592230,1529984,Brandon Oakes
592230,222562,William Belleau
592230,1197101,Devery Jacobs
592230,15439,Gary Farmer
442062,1559689,Jeremy Ray Taylor
442062,1597855,Madison Iseman
442062,1723995,Caleel Harris
442062,971877,Mick Wingert
442062,63234,Wendi McLendon-Covey
442062,83586,Ken Jeong
442062,51382,Chris Parnell
442062,145539,Bryce Cass
442062,1668667,Peyton Wich
442062,155783,Shari Headley
364116,86468,Sarah Wayne Callies
364116,23958,Jeremy Sisto
364116,1523226,Sofia Rosinsky
364116,1523227,Logan Creran
364116,1523228,Jax Malcolm
364116,78923,Suchitra Pillai
364116,111090,Javier Botet
364116,1954387,Vijay Gupta
364116,4204340,Anup Kumar Sharma
364116,2773264,Rahil Gilani
300673,62064,Chris Pine
300673,1893,Casey Affleck
300673,11107,Ben Foster
300673,8783,Eric Bana
300673,302165,Holliday Grainger
300673,40543,John Ortiz
300673,59219,Kyle Gallner
300673,37154,John Magaro
300673,95047,Graham McTavish
300673,53259,Michael Raymond-James
558341,131133,Trevor Noah
872585,2037,Cillian Murphy
872585,5081,Emily Blunt
872585,1892,Matt Damon
872585,3223,Robert Downey Jr.
872585,1373737,Florence Pugh
872585,2299,Josh Hartnett
872585,1893,Casey Affleck
872585,17838,Rami Malek
872585,11181,Kenneth Branagh
872585,227564,Benny Safdie
820446,19923,Hugh Bonneville
820446,10978,Maggie Smith
820446,20070,Jim Carter
820446,70904,Michelle Dockery
820446,4513,Elizabeth McGovern
820446,11356,Imelda Staunton
820446,1249,Penelope Wilton
820446,224193,Robert James-Collier
820446,174727,Lesley Nicol
820446,85718,Allen Leech
653610,1298360,Laverne Cox
653610,1935918,Bianca Leigh
653610,1583355,Jen Richards
653610,206739,Alexandra Billings
653610,1246290,Susan Stryker
653610,1717192,Yance Ford
653610,9339,Lilly Wachowski
653610,2430634,Brian Michael Smith
653610,2683031,Tiq Milan
653610,2683032,Nick Adams
556984,37632,Eddie Redmayne
556984,6730,Sacha Baron Cohen
556984,40900,Mark Rylance
556984,24045,Joseph Gordon-Levitt
556984,8924,Frank Langella
556984,239271,Jeremy Strong
556984,3911,John Carroll Lynch
556984,1639847,Yahya Abdul-Mateen II
556984,136127,Alex Sharp
556984,1526764,Noah Robbins
588064,150664,Gino Anthony Pesi
588064,1585207,Brinna Kelly
588064,41508,Jason Stuart
588064,109716,Jon Jacobs
588064,2483824,Matt Fontana
588064,2795821,Sarah Moore
588064,2795824,Rob Starns
588064,2227190,J.K. Baker
588064,2795820,Stephen Ji
588064,2065903,Paul Samaniego
507256,8851,Whitney Houston
507256,93279,Bobby Brown
507256,1107729,Cissy Houston
507256,979952,Clive Davis
507256,514136,L.A. Reid
507256,1269,Kevin Costner
507256,160573,Dionne Warwick
507256,1539026,Bobbi Kristina Brown
507256,89300,Nelson Mandela
507256,1012651,Marvin Gaye
207936,15556,Rebecca Hall
207936,58224,Jason Sudeikis
207936,141687,Dianna Agron
207936,10401,Blythe Danner
207936,2171,Griffin Dunne
207936,20580,Joe Manganiello
207936,41743,Maggie Castle
207936,15416,Richard Masur
207936,1366811,Alex Quijano
207936,1807174,Gabe Gibbs
305642,9880,Sam Shepard
305642,184581,Hamish Linklater
305642,1388470,Alex Neustaedter
305642,5344,Meg Ryan
305642,1030513,Jack Quaid
305642,31,Tom Hanks
305642,1388471,Nick Williams
305642,1388472,Christine Nelson
305642,1388473,Lucia Scarano
305642,1289506,Zachary Webber
437375,2963,Nicolas Cage
437375,17346,Robin Tunney
437375,46772,Marc Blucas
437375,59184,Ernie Lively
437375,114930,Jacque Gray
437375,105649,Bill Bolender
437375,1971391,Barry Jay Minoff
437375,1971909,Kassia Conway
437375,1338033,Jason K. Wixom
437375,277634,Sila Agavale
291270,11207,David Thewlis
291270,10431,Jennifer Jason Leigh
291270,119232,Tom Noonan
552532,1795607,Jahi Di'Allo Winston
552532,1743781,Meek Mill
552532,970219,Teyonah Parris
552532,1962720,William Catlett
552532,2446198,Kezii Curtis
552532,1722640,Donielle T. Hansley Jr.
552532,2049279,Milan Ray
552532,2172400,Chandler DuPont
552532,2552886,Hero Hunter
552532,1471680,Robert Dobson
551332,378,Jonathan Pryce
551332,4173,Anthony Hopkins
551332,140538,Juan Minujín
551332,127248,Luis Gnecco
551332,1028517,Cristina Banegas
551332,1051298,María Ucedo
551332,14149,Renato Scarpa
551332,1657797,Sidney Cole
551332,651165,Achille Brugnini
551332,129069,Federico Torre
384521,1216606,Gugu Mbatha-Raw
384521,3872,Daniel Brühl
384521,40477,Chris O'Dowd
384521,35013,David Oyelowo
384521,40543,John Ortiz
384521,1133349,Elizabeth Debicki
384521,1339,Zhang Ziyi
384521,76547,Aksel Hennie
384521,1257532,Roger Davies
384521,1972979,Clover Nee
717980,1231,Julianne Moore
717980,60898,Sebastian Stan
717980,1029934,Justice Smith
717980,2996176,Briana Middleton
717980,12074,John Lithgow
717980,164242,Darren Goldstein
717980,2354011,Phillip Johnson Richardson
717980,1795332,Kerry Flanagan
717980,3541,David Pittu
717980,1220768,Quincy Dunn-Baker
335777,21200,Will Arnett
335777,52792,Maya Rudolph
335777,21127,Bobby Cannavale
335777,452205,Bobby Moynihan
335777,1428070,Isabela Merced
335777,53,Peter Stormare
335777,86498,Gabriel Iglesias
335777,76982,Jeff Dunham
335777,299743,Sebastian Maniscalco
335777,116315,Kari Wahlgren
451204,16475,Burt Reynolds
451204,42160,Ariel Winter
451204,54812,Chevy Chase
451204,54729,Clark Duke
451204,931944,Ellar Coltrane
451204,29224,Nikki Blonsky
451204,55724,Kathleen Nolan
451204,1552440,Juston Street
451204,1792173,Al-Jaleel Knox
451204,1915546,Will Buie Jr.
332979,996701,Miles Teller
332979,6383,Aaron Eckhart
332979,18980,Katey Sagal
332979,8785,Ciarán Hinds
332979,15854,Ted Levine
332979,208160,Christine Evangelista
332979,1367241,Amanda Clayton
332979,101165,Daniel Sauli
332979,212291,Tina Casciani
332979,141448,Gary Galone
615774,15831,Frank Welker
615774,15761,Grey DeLisle
615774,26457,Matthew Lillard
615774,132354,Kate Micucci
615774,52794,David Herman
615774,2313263,Janell Cox
615774,44810,Cassandra Peterson
615774,8049,Roger Rose
615774,8265,John Michael Higgins
615774,1221888,Travis Willingham
666219,1030512,Dayo Okeniyi
666219,6905,Bruce Dern
666219,2505,James Cromwell
666219,159962,Kat Graham
666219,1383389,Ben Robson
666219,101519,Naturi Naughton
666219,59843,Paul Scheer
666219,1448516,Keean Johnson
666219,22132,M.C. Gainey
666219,34,Mykelti Williamson
413736,73016,Debi Derryberry
413736,571336,Cassandra Lee Morris
413736,81378,Salli Saffioti
413736,1681142,Larissa Gallagher
413736,1681143,Cristina Milizia
413736,61308,Michael Sorich
413736,1511664,Jonquil Goode
413736,1681141,Travis Dresden
413736,1099685,Evan Smith
413736,1507853,Sara Cravens
259316,37632,Eddie Redmayne
259316,77795,Katherine Waterston
259316,58873,Dan Fogler
259316,998225,Alison Sudol
259316,72466,Colin Farrell
259316,10127,Jon Voight
259316,2372,Ron Perlman
259316,132157,Ezra Miller
259316,2206,Samantha Morton
259316,37158,Carmen Ejogo
607383,1958615,Nicolas Fontaine
607383,175913,Brittany Drisdelle
607383,1496335,Madeline Harvey
607383,2092553,Paul Zinno
607383,1818534,Nick Walker
607383,119481,Chip Chuipka
607383,61948,Howard Rosenstein
607383,2331837,Cameron Geller
607383,2270760,Lanisa Dawn
607383,1789638,Samantha Hodhod
242606,98285,Bella Thorne
242606,215056,Chandler Riggs
242606,76511,Natalie Martinez
242606,65524,Ioan Gruffudd
242606,1406951,Maya Eshet
242606,92617,Matthew Willig
242606,2128,Leigh Whannell
242606,1011019,Jared Abrahamson
242606,75038,Roger Craig Smith
242606,59118,Christopher James Baker
333653,69122,Heather Graham
333653,77767,Rachael Carpani
333653,32224,Jason Lewis
333653,583040,Mason Cook
333653,1334653,Jedidiah Goodacre
333653,59181,Emily Tennant
333653,37698,Mackenzie Gray
333653,129984,Glynis Davies
333653,64672,Christine Lippa
333653,63563,Veena Sood
532645,1649898,Lora Burke
532645,2878283,Jack Foley
532645,136969,Elitsa Bako
532645,2074227,Rachel VanDuzer
532645,1789767,Steve Kasan
532645,2832836,Sam White
532645,130768,Bill Oberst Jr.
532645,1309777,Peter Higginson
532645,1390392,Adam Buller
532645,2791940,Mark Rainmaker
405314,15762,Tara Strong
405314,1240646,Rebecca Shoichet
405314,94481,Ashleigh Ball
405314,74368,Andrea Libman
405314,74360,Tabitha St. Germain
405314,94479,Cathy Weseluck
405314,79152,Enid-Raye Adams
405314,1304599,Brian Doe
405314,74370,Nicole Oliver
405314,1240645,Vincent Tong
380565,57395,Natasha Henstridge
380565,12261,Jason Patric
380565,1452481,Liam Dickinson
380565,78110,Scott Adkins
380565,1261375,Kyra Zagorsky
380565,134708,Michael J. Rogers
380565,43612,Christian Tessier
380565,60613,Brenda Crichlow
380565,1098661,Leanne Lapp
380565,99208,Johannah Newmarch
1008042,3115932,Sophie Wilde
1008042,2644232,Alexandra Jensen
1008042,3047804,Joe Bird
1008042,1822223,Otis Dhanji
1008042,502,Miranda Otto
1008042,2659518,Zoe Terakes
1008042,2467788,Chris Alosio
1008042,213070,Marcus Johnson
1008042,3281952,Alexandria Steffensen
1008042,2131239,Ari McCarthy
643532,25072,Oscar Isaac
643532,1230868,Tiffany Haddish
643532,1034681,Tye Sheridan
643532,5293,Willem Dafoe
643532,1723573,Alexander Babara
643532,191377,Bobby C. King
643532,2860533,Ekaterina Baker
643532,4075482,Bryan Truong
643532,2743359,Dylan Flashner
643532,1356253,Adrienne Lau
834027,5576,Val Kilmer
834027,1193604,Jack Kilmer
834027,1476566,Mercedes Kilmer
834027,12656,Joanne Whalley
834027,4724,Kevin Bacon
834027,826,Fairuza Balk
834027,3084,Marlon Brando
834027,2963,Nicolas Cage
834027,206,Jim Carrey
834027,38225,Cher
612706,1152083,Sabrina Carpenter
612706,1700631,Liza Koshy
612706,1251875,Keiynan Lonsdale
612706,1475128,Michelle Buteau
612706,1192274,Jordan Fisher
612706,1475818,Drew Ray Tanner
612706,4568,Jayne Eastwood
612706,1365703,Naomi Snieckus
612706,1754321,Briana Andrade-Gomes
612706,2736837,Kalliane Brémault
479259,109513,Alexandra Daddario
479259,1082509,Takehiro Hira
479259,23229,Carice van Houten
479259,2561236,Dasha Teranishi
479259,1117063,Mariko Tsutsui
479259,2786330,Anastasia Nasu
479259,1626685,Andrew Rothney
479259,1500573,Elisabeth Larena
479259,226825,Asuka Kurosawa
479259,1476058,Kate Easton
1028196,2104685,Ethan Herisse
1028196,1674009,Brandon Wilson
1028196,53923,Aunjanue Ellis-Taylor
1028196,184581,Hamish Linklater
1028196,557804,Gralen Bryant Banks
1028196,2099497,Fred Hechinger
1028196,1774398,Jimmie Fails
1028196,2101951,Luke Tennie
1028196,2669801,Bryan Gael Guzman
1028196,4864004,Ethan Cole Sharp
209112,880,Ben Affleck
209112,73968,Henry Cavill
209112,44735,Jesse Eisenberg
209112,90633,Gal Gadot
209112,9273,Amy Adams
209112,2882,Diane Lane
209112,2975,Laurence Fishburne
209112,16940,Jeremy Irons
209112,18686,Holly Hunter
209112,59233,Scoot McNairy
325189,973385,Ross Lynch
325189,992366,Maia Mitchell
325189,519735,Gracie Gillam
325189,1031685,Garrett Clayton
325189,1094568,John DeLuca
325189,1160310,Chrissie Fit
325189,1192274,Jordan Fisher
325189,1426658,Jessica Lee Keller
325189,1426656,Mollee Gray
325189,1398470,Beth Lacke
309809,1397911,Riley Osborne
309809,851784,Mackenzie Foy
309809,1229,Jeff Bridges
309809,53714,Rachel McAdams
309809,8293,Marion Cotillard
309809,17051,James Franco
309809,1121,Benicio del Toro
309809,4971,Bud Cort
309809,17835,Ricky Gervais
309809,13,Albert Brooks
286538,1094091,Maika Monroe
286538,71467,Matt O'Leary
286538,566681,Arnar Jónsson
286538,545130,Gunnar Helgason
286538,1455562,Berglind Rós Sigurôardóttir
558582,37154,John Magaro
558582,1333452,Orion Lee
558582,13014,Toby Jones
558582,1125,Ewen Bremner
558582,1475960,Scott Shepherd
558582,15439,Gary Farmer
558582,1183917,Lily Gladstone
558582,61178,Alia Shawkat
558582,47934,Dylan Smith
558582,232951,Ryan Findley
718400,8256,Anne Heche
718400,11155,Thomas Jane
718400,12261,Jason Patric
718400,1788486,John D. Hickman
718400,56857,Peter Facinelli
718400,2154016,Alex Haydon
718400,1473375,Aleksei Archer
718400,2010762,Kristopher Wente
718400,1547692,Rebecca Lines
718400,1733476,Lily Anne Harrison
379149,517,Pierce Brosnan
379149,18897,Jackie Chan
379149,1267122,Rory Fleck-Byrne
379149,56650,Ray Fearon
379149,1356630,Charlie Murphy
379149,107734,Orla Brady
379149,73288,Michael McElhatton
379149,65890,Lia Williams
379149,17484,Dermot Crowley
379149,76415,Stephen Hogan
481879,935201,Diego Boneta
481879,109513,Alexandra Daddario
481879,77700,Travis Fimmel
481879,503,Justin Chatwin
481879,60488,Wade Allain-Marcus
481879,59192,Emmanuelle Chriqui
481879,1182525,Nicola Correia Damude
481879,33343,John Ralston
481879,95635,Michelle Nolden
481879,116487,Stuart Hughes
345922,95101,Charlie Day
345922,9778,Ice Cube
345922,56903,Tracy Morgan
345922,1226302,Jillian Bell
345922,110014,Christina Hendricks
345922,14329,Dean Norris
345922,466505,Kumail Nanjiani
345922,352,Dennis Haysbert
345922,99206,JoAnna Garcia Swisher
345922,1540602,Alexa Nisenson
296100,24045,Joseph Gordon-Levitt
296100,19274,Seth Rogen
296100,53650,Anthony Mackie
296100,51988,Lizzy Caplan
296100,1226302,Jillian Bell
296100,125167,Mindy Kaling
296100,335,Michael Shannon
296100,81726,Lorraine Toussaint
296100,79082,Randall Park
296100,1325716,Ilana Glazer
356987,10862,Dominic Purcell
356987,33306,Peter Feeney
356987,173500,Owen Black
356987,1227250,Siobhan Marshall
356987,1284977,Serena Cotton
356987,95282,Rachel Nash
356987,1502551,Seamus Stalker
356987,1502552,Isla Thompson
356987,1502553,Jack Walley
356987,73893,Mark Ruka
398177,192,Morgan Freeman
398177,2176,Tommy Lee Jones
398177,14343,Rene Russo
398177,532,Joe Pantoliano
398177,21104,Glenne Headly
398177,33613,Sheryl Lee Ralph
398177,44845,Elizabeth Ashley
398177,552139,George Wallace
398177,6110,Graham Beckel
398177,76943,Mel Raido
643882,67599,Vanessa Hudgens
643882,1097967,Sam Palladio
643882,1107810,Nick Sagar
643882,1231689,Suanne Braun
643882,1470134,Mark Fleischmann
643882,209998,Lachlan Nieboer
643882,53485,Rose McIver
643882,1173231,Ben Lamb
643882,83550,Robin Soans
643882,1476728,Juliet Cadzow
961323,56734,Chloë Grace Moretz
961323,53240,Riz Ahmed
961323,1745968,Eugene Lee Yang
961323,4432,Frances Conroy
961323,81726,Lorraine Toussaint
961323,1180696,Beck Bennett
961323,78589,RuPaul
961323,1789788,Lillah Indya Moore
961323,1659144,Julio Torres
961323,2198504,Sarah Sherman
434555,222088,Shay Mitchell
434555,1737298,Kirby Johnson
434555,130769,Grey Damon
434555,34408,Stana Katic
434555,93228,Louis Herthum
434555,1362742,J.P. Valenti
434555,145560,Larry Eudene
434555,27748,"James A. Watson, Jr"
434555,1602952,Lexie Roth
434555,1674456,Mickey Gilmore
291984,239019,Kit Harington
291984,524,Natalie Portman
291984,1277188,Jacob Tremblay
291984,4038,Susan Sarandon
291984,8534,Kathy Bates
291984,224167,Ben Schnetzer
291984,9030,Thandiwe Newton
291984,205053,Jared Keeso
291984,231547,Chris Zylka
291984,66443,Amara Karan
513409,227454,Alicia Vikander
513409,98522,Riley Keough
513409,1986542,Naoki Kobayashi
513409,1466601,Kiki Sukezane
513409,213473,Yoshiko Sakuma
513409,1155715,Ken Yamamura
513409,141988,Kazuhiro Muroyama
513409,1204921,Crystal Kay
513409,1522259,Akiko Iwase
513409,54738,Jack Huston
517116,1316972,Katie Stevens
517116,1140241,Will Brittain
517116,80614,Lauryn McClain
517116,1767463,Shazi Raja
517116,77912,Andrew Lewis Caldwell
517116,1826602,Schuyler Helford
517116,2354012,Chaney Morrow
517116,1280334,Damian Maffei
517116,1469369,Terri Partyka
517116,2354013,Justin Marxen
106845,25877,Roger Cross
106845,27422,Bruce Payne
106845,78110,Scott Adkins
106845,59296,Daniella Alonso
106845,66525,Jesse Garcia
106845,1350263,Dimiter Doichinov
106845,1590341,Yo Santhaveesuk
106845,232596,Layke Anderson
106845,1211865,Rocky Marshall
106845,96895,Stuart Milligan
660335,1295192,Lucie Debay
660335,1295193,Arieh Worthalter
660335,2497905,Ciaran O'Brien
660335,559612,Ryan Brodie
660335,1366175,Simone Milsdochter
660335,1961670,Gilles Vandeweerd
660335,2186316,Christian Bronchart
660335,2466659,Jean-Mathias Pondant
660335,1355360,Kevin van Doorslaer
660335,1835772,Dianne Weller
489245,232006,Nat Wolff
489245,28846,Alexander Skarsgård
489245,119917,Adam Long
489245,1518194,Jonathan Whitesell
489245,1560243,Brian Marc
489245,1388917,Osy Ikhile
489245,52602,Rob Morrow
489245,1320746,Anna Francolini
489245,1010819,Elham Ehsas
489245,1662006,Tunji Kasim
660982,74929,Madison Pettis
660982,1376782,Lizze Broadway
660982,1308818,Piper Curda
660982,2512192,Natasha Behnam
660982,2000335,Darren Barnet
660982,89819,Zachary Gordon
660982,2316688,Camaron Engels
660982,2624760,Christian Valderrama
660982,1225901,Zayne Emory
660982,2409237,Rasheda Crockett
1024627,8169,Tyrese Gibson
1024627,18288,Terrence Howard
1024627,12799,Jeremy Piven
1024627,1997029,Lil Yachty
1024627,118595,Ric Reitz
1024627,1611780,Laura Aleman
1024627,1717376,Caleb Spillyards
1024627,1267619,Marrese Crump
1024627,1889405,Nick Gore
1024627,2141493,Ronnie Yelverton
342165,16861,John Hawkes
342165,139745,Vail Bloom
342165,593,Joanna Cassidy
342165,20495,Jeff Fahey
342165,5694,Robert Forster
342165,558933,Brett Jacobsen
342165,94797,Dichen Lachman
342165,6066,Dash Mihok
342165,20493,Sydney Tamiia Poitier
342165,128629,Crystal Reed
414001,5472,Colin Firth
414001,3293,Rachel Weisz
414001,11207,David Thewlis
414001,34546,Mark Gatiss
414001,1437296,Genevieve Gaunt
414001,80860,Jonathan Bailey
414001,1235008,Andrew Buchan
414001,16358,Simon McBurney
414001,1674158,Eleanor Stagg
414001,25136,Ken Stott
605116,134,Jamie Foxx
605116,24045,Joseph Gordon-Levitt
605116,1676520,Dominique Fishback
605116,17289,Rodrigo Santoro
605116,24047,Courtney B. Vance
605116,357551,Amy Landecker
605116,1276759,mgk
605116,1105706,Tait Fletcher
605116,141432,Allen Maldonado
605116,1650191,Andrene Ward-Hammond
1019836,2259152,Riley Dandy
1019836,1721096,Sam Delich
1019836,1350757,Jonah Ray Rodrigues
1019836,224136,Dora Madison
1019836,59673,Jeff Daniel Phillips
1019836,21132,Abraham Benrubi
1019836,1159650,Jeremy Gardner
1019836,1559972,Kansas Bowling
1019836,1194700,Graham Skipper
1019836,1194699,Joe Begos
332567,59175,Blake Lively
332567,59129,Óscar Jaenada
332567,16841,Brett Cullen
332567,1644278,Janelle Bailey
332567,1559151,Sedona Legge
332567,1677465,Pablo Calva
332567,1677464,Diego Espejel
332567,1677481,Ava Dean
332567,1669262,Chelsea Moody
332567,1686692,Angelo Josue Lozano Corzo
523777,17697,John Krasinski
523777,93285,Lo Mutuc
523777,58224,Jason Sudeikis
523777,454,Michael Peña
523777,212,David Cross
523777,206444,Constance Wu
523777,1629276,Kiana Ledé
523777,1267375,Anna Akana
523777,1696230,Issac Ryan Brown
523777,1446818,Reba Buhr
543915,1516315,Joe Azzopardi
413998,3293,Rachel Weisz
413998,237455,Sam Claflin
413998,302165,Holliday Grainger
413998,20508,Iain Glen
413998,17839,Pierfrancesco Favino
413998,57461,Simon Russell Beale
413998,1248292,Vicki Pepperdine
413998,79875,Tim Barlow
413998,1674154,Bobby Scott Freeman
413998,1674155,Tristram Davies
811656,6886,Christina Ricci
811656,2116086,Santino Barnard
811656,1070739,Don Baldaramos
811656,13023,Colleen Camp
811656,37027,Lew Temple
811656,1382011,Carol Anne Watts
811656,2469623,Peter Hodge
811656,78336,Nick Vallelonga
811656,3029486,Sally Elbert
811656,1512757,Rachael Edlow
301337,1892,Matt Damon
301337,27319,Christoph Waltz
301337,1360317,Hong Chau
301337,41091,Kristen Wiig
301337,32684,Rolf Lassgård
301337,1069764,Ingjerd Egeberg
301337,1646,Udo Kier
301337,64122,Søren Pilmark
301337,58224,Jason Sudeikis
301337,207250,Maribeth Monroe
339543,92509,Lori Loughlin
339543,54479,Bailee Madison
339543,20212,Dermot Mulroney
339543,160441,Paul Stewart
339543,40385,Marcia Bennett
339543,1271474,Ava Telek
339543,444420,James Thomas
339543,1476892,Anana Rydvald
339543,2064094,Ella Rose Coderre
339543,57350,Donovan Scott
450487,1216606,Gugu Mbatha-Raw
450487,1607523,Saniyya Sidney
450487,81726,Lorraine Toussaint
450487,11064,David Strathairn
450487,61510,Christopher Denham
450487,1194992,Ryan Begay
450487,1865683,Matthew Van Wettering
450487,210700,Jermaine Washington
450487,1527964,Michael E. Stogner
450487,1944119,Richard L. Olsen
729120,258,Gael García Bernal
729120,563152,Roberta Colindrez
729120,1520599,Perla de la Rosa
729120,76857,Joaquín Cosío
729120,557579,Raúl Castillo
729120,990744,El Hijo del Santo
729120,2550161,Bad Bunny
729120,4281516,Gigántico
729120,2115279,Yavor Vesselinov
729120,1311441,Leonardo Alonso
763148,98285,Bella Thorne
763148,2849483,Benjamin Mascolo
763148,2762412,Sebastiano Pigazzi
763148,2852234,Bonnie Baddoo
763148,128225,Giampiero Judica
763148,81508,Robert Davide
763148,2238174,Nikolay Moss
763148,2185861,Emma Lo Bianco
763148,2661519,Linda Zampaglione
763148,2649928,Giulio Brizzi
335778,12763,Joseph Fiennes
335778,22109,Peter Firth
335778,7248,Cliff Curtis
335778,10993,Tom Felton
335778,142290,Mark Killeen
335778,46856,María Botto
335778,1322236,Mish Boyko
335778,24607,Selva Rasalingam
335778,25095,Stewart Scudamore
335778,5310,Antonio Gil
339527,4173,Anthony Hopkins
339527,47296,Jeffrey Dean Morgan
339527,37260,Abbie Cornish
339527,72466,Colin Farrell
339527,98215,Matt Gerald
339527,20191,Jose Pablo Cantillo
339527,6407,Marley Shelton
339527,3982,Xander Berkeley
339527,42191,Kenny Johnson
339527,81096,Joshua Close
438148,4495,Steve Carell
438148,124747,Pierre Coffin
438148,1903,Alan Arkin
438148,40036,Taraji P. Henson
438148,1620,Michelle Yeoh
438148,5823,Julie Andrews
438148,59919,Russell Brand
438148,15111,Jean-Claude Van Damme
438148,16644,Dolph Lundgren
438148,11160,Danny Trejo
264644,60073,Brie Larson
264644,1277188,Jacob Tremblay
264644,11148,Joan Allen
264644,144160,Sean Bridgers
264644,64712,Tom McCamus
264644,3905,William H. Macy
264644,59214,Cas Anvar
264644,1232769,Amanda Brugel
264644,19957,Wendy Crewson
264644,86237,Joe Pingue
374473,1554383,Dave Johns
374473,1182598,Hayley Squires
374473,1650254,Briana Shann
374473,1650252,Dylan McKiernan
374473,229605,Kate Rutter
374473,1243489,Sharon Percy
374473,1766059,Kema Sikazwe
374473,4262721,Magpie Richens
374473,4262725,Amanda Payne
374473,4081577,Chris McGlade
880100,82631,Joseph Sikora
880100,1350469,Andrew Bachelor
880100,209196,Annie Ilonzeh
880100,1602964,Ruby Modine
880100,94958,Iddo Goldberg
880100,143242,Terrence J
880100,2101949,Jessica Allain
880100,76126,T.I.
880100,3014480,Tyler Abron
880100,4031765,Mezi Atwood
290595,74568,Chris Hemsworth
290595,6885,Charlize Theron
290595,5081,Emily Blunt
290595,83002,Jessica Chastain
290595,11109,Nick Frost
290595,237455,Sam Claflin
290595,47632,Rob Brydon
290595,110080,Sheridan Smith
290595,237020,Alexandra Roach
290595,1479869,Ṣọpẹ́ Dìrísù
423899,5309,Judi Dench
423899,492791,Ali Fazal
423899,11276,Tim Pigott-Smith
423899,1926,Suzy Eddie Izzard
423899,81840,Adeel Akhtar
423899,5658,Michael Gambon
423899,71084,Paul Higgins
423899,11616,Olivia Williams
423899,6973,Fenella Woolgar
423899,5473,Julian Wadham
516486,31,Tom Hanks
516486,1115,Stephen Graham
516486,1281250,Rob Morgan
516486,1279814,Josh Wiggins
516486,1626604,Tom Brittney
516486,1951,Elisabeth Shue
516486,1560340,Will Pullen
516486,1168097,Manuel Garcia-Rulfo
516486,1327613,Karl Glusman
516486,1421688,Chet Hanks
761053,1312450,Melanie Zanetti
761053,544002,Giulio Berruti
761053,1844204,Rhett Wellington Ramirez
761053,2345991,James Andrew Fraser
761053,2595115,Margaux Brooke
761053,139749,Pat Asanti
761053,2913395,Julia Barrett-Mitchell
761053,73659,Kurt McKinney
485774,112476,Dylan Minnette
485774,1919525,Piercey Dalton
485774,1211966,Sharif Atkins
485774,169585,Patricia Bethune
485774,1098562,Matt Angel
485774,1919529,Suzanne Coote
485774,56262,Aaron Abrams
485774,1939163,Kathryn Beckwith
485774,1939164,Ethan Cushing
485774,1939165,Edward Olson
764835,3489,Naomi Watts
764835,1558012,Colton Gobbo
764835,3086855,Sierra Maltby
764835,155483,Michelle Johnston
764835,3444407,Woodrow Schrieber
764835,141217,David Reale
764835,76512,Jason Clarke
764835,83105,Debra Wilson
764835,186491,Christopher Marren
764835,139835,Joshua Bowman
454619,1772,Anna Faris
454619,239574,Eugenio Derbez
454619,52605,Eva Longoria
454619,10727,John Hannah
454619,12967,Swoosie Kurtz
454619,59675,Mel Rodriguez
454619,426216,Josh Segarra
454619,1548297,Hannah Nordberg
454619,1274510,Alyvia Alyn Lind
454619,1966451,Payton Lepinski
756403,517,Pierce Brosnan
756403,1936497,Sam Hardy
756403,3015225,Hannah Herman Cortes
756403,1576058,Lilly Singh
756403,1488960,Jermaine Fowler
756403,20282,John Kavanagh
756403,69465,Pauline McLynn
756403,1423098,Aisling Bea
756403,2039,Brendan Gleeson
756403,2826304,Danny McColgan
763144,517,Pierce Brosnan
763144,11291,Clémence Poésy
763144,22384,John Amos
763144,920,Jürgen Prochnow
763144,43138,Ian McElhinney
763144,43140,Tara Lynne O'Neill
763144,579295,Samuel Bottomley
763144,1972534,Desmond Eastwood
763144,213807,Stella McCusker
763144,1658885,Claire Rafferty
550205,447244,Jimmy Wong
550205,68842,John Cho
550205,206444,Constance Wu
550205,1583307,Natasha Liu Bordizzo
550205,1468779,Jimmy O. Yang
550205,54247,Aaron Yoo
550205,10884,Will Yun Lee
550205,198149,Bobby Lee
550205,1465297,Nico Santos
550205,1319469,Ronny Chieng
297160,104635,Natalie Brown
297160,130365,Jonathan Watton
297160,1098732,Peter DaCunha
297160,1074125,Peyton Kennedy
297160,44248,Ron Lea
297160,472349,Michael Dyson
297160,15091,Melanie Lynskey
297160,1106411,Lindsay Burdge
297160,220573,Sheila Vand
297160,1724091,Sanai Victoria
490003,1257876,Margaret Whitmer
490003,1051824,Tom Junod
490003,1998031,Joanne Rogers
490003,2097138,Jim Rogers
490003,2097136,Max King
490003,3594794,Hedda Sharapan
490003,2066310,Betty Seamans
490003,2097137,Junlei Li
490003,1211905,Joe Negri
490003,1211904,David Newell
410314,22082,Lacey Chabert
410314,939564,Paul Greene
410314,204975,Andrea Brooks
410314,43905,Colleen Wheeler
410314,59185,Kendall Cross
410314,189948,Michael Ryan
410314,153847,Mark Brandon
410314,1761093,Donna Benedicto
410314,1087659,Howard Storey
410314,60613,Brenda Crichlow
730840,46593,Emile Hirsch
730840,1726658,Lexi Medrano
730840,95356,Charlie Saxton
730840,7090,Kelsey Grammer
730840,658,Alfred Molina
730840,215055,Steven Yeun
730840,11109,Nick Frost
730840,235767,Colin O'Donoghue
730840,8688,Diego Luna
730840,61134,Tatiana Maslany
376530,1315036,Daisy Ridley
376530,1570918,Nurgaiv Aisholpan
376530,1570920,Nurgaiv Rys
376530,1570922,Alma Dalaykhan
376530,2221818,Bosaga Rys
506558,2954,Jeffrey Wright
506558,1982354,Theothus Carter
506558,886,William Fichtner
506558,467645,Boyd Holbrook
506558,51544,Mare Winningham
506558,1737,David Patrick Kelly
506558,75604,Yul Vazquez
506558,1234271,Bahni Turpin
506558,93345,Ryan Cutrona
506558,5377,Ato Essandoh
600354,4173,Anthony Hopkins
600354,39187,Olivia Colman
600354,34546,Mark Gatiss
600354,11616,Olivia Williams
600354,17606,Imogen Poots
600354,17328,Rufus Sewell
600354,33191,Ayesha Dharker
600354,3019221,Roman Zeller
575094,1122543,Tinatin Dalakishvili
575094,1466347,Rinal Mukhametov
575094,235993,Artyom Tkachenko
575094,490022,Ravshana Kurkova
575094,238697,Kseniya Kutepova
575094,2217007,Gleb Bochkov
575094,2217008,Olivier Siou
575094,2018536,Cécile Pleuge
575094,2075426,Nikita Dyuvbanov
575094,1118014,Nikita Tarasov
823855,1040321,Erica Wessels
823855,1041697,Deon Lotz
823855,2387551,Masasa Mbangeni
823855,1287647,Hlubi Mboya
823855,86102,Lizz Meiring
823855,13108,Israel Makoe
823855,1277543,Brendon Daniels
823855,2614,Mothusi Magano
823855,2708459,J.P.  Du Plessis
823855,936739,Ben Kruger 
471506,56734,Chloë Grace Moretz
471506,17882,Isabelle Huppert
471506,1094091,Maika Monroe
471506,10132,Colm Feore
471506,9029,Stephen Rea
471506,118034,Zawe Ashton
471506,143236,Jeff Hiller
471506,1316498,Thaddeus Daniels
471506,190897,Raven Dauda
471506,1349720,Parker Sawyers
301608,2963,Nicolas Cage
301608,109,Elijah Wood
301608,223331,Sky Ferreira
301608,3663,Jerry Lewis
301608,149670,Kevin Weisman
301608,51579,Steven Williams
301608,1653031,Kenna James
301608,824,Ethan Suplee
301608,1640398,Eric Heister
301608,1611964,Alexandria Lee
373473,17141,Greg Kinnear
373473,49971,Jennifer Ehle
373473,1532436,Paulina García
373473,1551547,Michael Barbieri
373473,1551546,Theo Taplitz
373473,140253,Talia Balsam
373473,2198002,Maliq Johnson
373473,3884299,Anthony A. Flamminio
373473,1570312,Madison Wright
373473,1370819,John Procaccino
339259,76512,Jason Clarke
339259,10882,Rosamund Pike
339259,85065,Jack O'Connell
339259,1007683,Jack Reynor
339259,76070,Mia Wasikowska
339259,1115,Stephen Graham
339259,1212871,Thomas M. Wright
339259,116202,Barry Atsma
339259,6969,Geoff Bell
339259,91494,Enzo Cilenti
433310,212604,Adam Devine
433310,109513,Alexandra Daddario
433310,444211,Shelley Hennig
433310,1350469,Andrew Bachelor
433310,1223726,Robbie Amell
433310,181701,Dean J. West
433310,1116629,Tony Cavalero
433310,2018477,Delfeayo Marsalis
433310,1673071,Daryn Kahn
433310,1862768,Peter Jaymes Jr.
302946,880,Ben Affleck
302946,84223,Anna Kendrick
302946,18999,J.K. Simmons
302946,19498,Jon Bernthal
302946,4175,Jeffrey Tambor
302946,182272,Cynthia Addai-Robinson
302946,12074,John Lithgow
302946,5376,Jean Smart
302946,142204,Andy Umberger
302946,1257565,Alison Wright
461714,1069645,Li Dongxue
461714,80757,Mike Tyson
461714,1942933,Janicke Askevold
461714,23880,Steven Seagal
461714,1339400,Li Ai
461714,25078,Ériq Ebouaney
461714,1944052,Wang Zijian
461714,2093137,Bryan Byrne
461714,2093138,Sheri Cheng
461714,1829226,Anthony Gavard
390883,1116282,Cortney Palm
390883,1590277,David Hull
390883,588055,Emilia Ares
390883,1220763,Brittany Underwood
390883,583750,David Banks
390883,1798965,Jonathan Biver
390883,1798968,Michael Cotter
390883,1798962,Danielle Baez
390883,1798963,Katelyn Bailey
390883,1798966,Layne Castro
369557,1539216,Ferdia Walsh-Peelo
369557,86232,Lucy Boynton
369557,1007683,Jack Reynor
369557,1570231,Ben Carolan
369557,1539217,Mark McKenna
369557,1198869,Kelly Thornton
369557,33394,Maria Doyle Kennedy
369557,49735,Aidan Gillen
369557,1570235,Ian Kenny
369557,1570232,Percy Chamburuka
454699,1639,Emily Watson
454699,11109,Nick Frost
454699,567269,Jessica Brown Findlay
454699,1613130,Ethan Rouse
454699,11355,Jason Isaacs
454699,47646,Catherine Tate
454699,203467,Ewan Bailey
454699,9139,Celia Imrie
454699,1254164,Jessica McDonald
454699,1914968,Isaac Rouse
328387,34847,Emma Roberts
328387,54697,Dave Franco
328387,71815,Emily Meade
328387,148096,Miles Heizer
328387,3196,Juliette Lewis
328387,1443708,Kimiko Glenn
328387,1276759,mgk
328387,62646,Marc John Jefferies
328387,1034197,Samira Wiley
328387,1560243,Brian Marc
969686,11149,Dominique Swain
969686,2673964,Arie Thompson
969686,1011071,Eric St. John
969686,1266956,Eva Ceja
969686,2158033,Brandon Alan Smith
969686,1918402,Isaac J. Cruz
969686,3480042,Preston Geer
969686,3531181,Bridger Buckley
969686,3531186,Stamaur Mitchell
969686,3531178,Junior Alabi
333354,7498,Eion Bailey
333354,1118081,Bethany Joy Lenz
333354,1652853,Mauricio Alemañy
333354,1261694,Barkhad Abdi
333354,2047,Danny Glover
333354,27031,Tim Griffin
333354,24435,Jack Wallace
333354,5983398,Jorge Cabrera
333354,5983399,Elid M. Barrios
333354,1901783,Genesis Castro
545611,1620,Michelle Yeoh
545611,1381186,Stephanie Hsu
545611,690,Ke Huy Quan
545611,20904,James Hong
545611,8944,Jamie Lee Curtis
545611,1071151,Tallie Medel
545611,213001,Jenny Slate
545611,232499,Harry Shum Jr.
545611,1367122,Biff Wiff
545611,1375002,Sunita Mani
254320,72466,Colin Farrell
254320,3293,Rachel Weisz
254320,39187,Olivia Colman
254320,121529,Léa Seydoux
254320,17078,Michael Smiley
254320,235125,Ariane Labed
254320,4764,John C. Reilly
254320,17064,Ben Whishaw
254320,122426,Angeliki Papoulia
254320,550552,Jessica Barden
353616,84223,Anna Kendrick
353616,221581,Rebel Wilson
353616,29221,Brittany Snow
353616,130640,Hailee Steinfeld
353616,9281,Elizabeth Banks
353616,221098,Anna Camp
353616,999790,Alexis Knapp
353616,1246972,Ruby Rose
353616,1072572,Ester Dean
353616,1107297,Hana Mae Lee
402431,1765068,Cynthia Erivo
402431,226001,Ariana Grande
402431,1620,Michelle Yeoh
402431,80860,Jonathan Bailey
402431,2271410,Ethan Slater
402431,3102321,Marissa Bode
402431,4785,Jeff Goldblum
402431,22970,Peter Dinklage
402431,22810,Andy Nyman
402431,4824375,Courtney-Mae Briggs
284054,172069,Chadwick Boseman
284054,135651,Michael B. Jordan
284054,1267329,Lupita Nyong'o
284054,82104,Danai Gurira
284054,7060,Martin Freeman
284054,206919,Daniel Kaluuya
284054,1083010,Letitia Wright
284054,1447932,Winston Duke
284054,1225953,Sterling K. Brown
284054,9780,Angela Bassett
864116,6863,Kevin Dillon
864116,62,Bruce Willis
864116,12974,Leon
864116,81685,Frank Grillo
864116,1138751,Gianni Capaldi
864116,1198050,Brooke Serene Butler
864116,21798,Johnny Messner
864116,2264378,Vernon Davis
864116,2121345,Alexander Kane
864116,2248083,Aspen Kennedy Wilson
624932,4169,Dave Chappelle
617120,2367215,Zari Rice
617120,2367217,Merritt Vann
617120,2367219,John R. Sexton
617120,2367220,Ashley McHam
617120,2367222,Vanzell Haire
617120,2367224,Johnny Ray Campbell
617120,2367226,Christopher Law
617120,2367227,Autumn McNutt
617120,2367228,Melissa Hanna
617120,1623319,Christian Manganelli
858408,1979105,Johnny Berchtold
858408,2879,Rob Lowe
858408,70696,Kimberly Williams-Paisley
858408,1647426,Nick Peine
858408,3877302,Savannah Bruffey
858408,1893361,Brian Brightman
858408,1757689,Holly A. Morris
858408,3443853,Caroline Skye
858408,143364,Soji Arai
858408,3009612,Annabella Didion
365942,77996,Asa Butterfield
365942,52018,Britt Robertson
365942,17832,Carla Gugino
365942,64,Gary Oldman
365942,90755,Janet Montgomery
365942,14592,BD Wong
365942,1670767,Trey Tucker
365942,1439204,Scott Takeda
365942,1670749,Adande 'Swoozie' Thorne
365942,1260554,Sarah Minnich
447200,18918,Dwayne Johnson
447200,9206,Neve Campbell
447200,101015,Chin Han
447200,141876,Roland Møller
447200,1284,Noah Taylor
447200,57748,Byron Mann
447200,59254,Pablo Schreiber
447200,2072197,McKenna Roberts
447200,2072198,Noah Cottrell
447200,1609490,Hannah Quinlivan
471493,1898994,Jessica Serfaty
471493,1217893,David Wachs
471493,1103626,Ronnie Alvarez
471493,1917155,Kyle Thomas Schmidt
471493,2052154,Veronica Loren
471493,1187312,Delpaneaux Wills
471493,1917156,Valerie Lynn Smith
471493,1917157,Dylan Taylor
471493,2409174,Lindsay Crolius
471493,1804235,Chloe Catherine Kim
826510,69899,Zachary Levi
826510,1488961,Lil Rel Howery
826510,11664,Zooey Deschanel
826510,4389679,Benjamin Bottani
826510,1731959,Tanya Reynolds
826510,55936,Jemaine Clement
826510,658,Alfred Molina
826510,159365,Pete Gardner
826510,81106,Camille Guaty
826510,206485,Ravi Patel
446827,121328,Richard Neil
446827,1780315,Savannah Liles
446827,558915,Jolene Andersen
446827,1672381,Emilio Palame
446827,1574495,David Linski
446827,1780317,Harvey Q. Johnson
446827,2227073,Penelope Figueroa
446827,2227074,Alex Matthew
446827,2227077,Aral Gribble
446827,2227079,Avery Barkdull
493065,587506,Shameik Moore
493065,1637311,Demetrius Shipp Jr.
493065,77278,Denzel Whitaker
493065,1448516,Keean Johnson
493065,159962,Kat Graham
493065,76126,T.I.
493065,18288,Terrence Howard
493065,1281250,Rob Morgan
493065,1222992,Eiza González
493065,569,Ethan Hawke
866346,2963,Nicolas Cage
866346,45827,Ashley Greene
866346,3517475,Thalia Campbell
866346,2372,Ron Perlman
866346,17183,Jackie Earle Haley
866346,8874,Ernie Hudson
866346,1434481,Grace Byers
866346,16217,Lynn Whitfield
866346,59231,Joel David Moore
866346,1812409,Jordan Johnson-Hinds
787699,1190668,Timothée Chalamet
787699,1939373,Calah Lane
787699,298410,Keegan-Michael Key
787699,3291,Hugh Grant
787699,19868,Paterson Joseph
787699,39187,Olivia Colman
787699,1464254,Tom Davis
787699,20070,Jim Carter
787699,10730,Rowan Atkinson
787699,26209,Matt Lucas
993784,221192,Kathryn Newton
993784,56730,Cole Sprouse
993784,1268847,Liza Soberano
993784,3410595,Henry Eikenberry
993784,141762,Joe Chrest
993784,17832,Carla Gugino
993784,3740404,Joey Harris
993784,1415436,Bryce Romero
993784,2043430,Jenna Davis
993784,1529004,Joshua Montes
1087388,2431565,Alyla Browne
1087388,1213279,Ryan Corr
1087388,1146114,Penelope Mitchell
1087388,61114,Kate Walsh
1087388,75893,Robyn Nevin
1087388,37287,Noni Hazlehurst
1087388,3347562,Danny Kim
1087388,141492,Silvia Colloca
1087388,1488960,Jermaine Fowler
1087388,4538396,Tony J. Black
477508,972356,Luke Bracey
477508,19961,Nina Dobrev
477508,1064,Crispin Glover
477508,1897193,Ella Ryan Quinn
477508,957076,Clé Bennett
477508,5365,Clifton Collins Jr.
477508,5892,David Hewlett
477508,34627,Nadia Farès
477508,25089,Tomer Sisley
477508,18702,Mark Dacascos
363889,5139,Robert Englund
363889,57167,Jere Burns
363889,128628,Scottie Thompson
363889,1098562,Matt Angel
363889,1158832,Chasty Ballesteros
363889,15661,Clint Howard
363889,18708,Courtney Gains
363889,1459830,Erick Chavarria
363889,1452888,Mars Crain
363889,1745824,Candice De Visser
539651,35013,David Oyelowo
539651,1344344,Storm Reid
539651,34,Mykelti Williamson
539651,658,Alfred Molina
539651,226366,Brian Tyree Henry
539651,1147108,Shinelle Azoroh
539651,57748,Byron Mann
539651,10691,April Grace
539651,205349,Omar Leyva
539651,2000809,Sarkis Ninos
601165,78110,Scott Adkins
601165,1363045,Honor Kneafsey
601165,36901,Martin McDougall
601165,1706381,Yuliia Sobol
601165,3272320,Anna Butkevych
601165,1500321,Sergey Kalantay
601165,1830144,Andrea Vasiliou
601165,1746176,Tom Ashley
601165,99037,Matt Mitler
601165,2571637,Sami Karim
638045,239464,Jordan Hayes
638045,1066079,Max Topplin
638045,1212929,James McGowan
638045,44275,Rosemary Dunsmore
638045,1642130,Thomas L. Colford
638045,1616707,Sharon McFarlane
638045,2428755,Jana Peck
638045,2290417,Jess Brown
638045,2456,Sean Sullivan
638045,43929,Anthony Ulc
396373,83002,Jessica Chastain
396373,154647,Michael Greyeyes
396373,6807,Sam Rockwell
396373,8785,Ciarán Hinds
396373,84219,Chaske Spencer
396373,121718,Bill Camp
396373,2090322,Willy RunsAbove
396373,131871,Louisa Krause
396373,2089037,Robert Mirabal
396373,2090316,Monika Crowfoot
291272,27995,Barbara Crampton
291272,141226,Andrew Sensenig
291272,4452,Lisa Marie
291272,31268,Larry Fessenden
291272,73149,Monte Markham
291272,106980,Susan Gibney
291272,1474282,Michael Patrick Nicholson
291272,1474283,Kelsea Dakota
291272,1474284,Guy Gane
291272,83338,Elissa Dowling
345911,20374,Teresa Palmer
345911,49,Maria Bello
345911,1352028,Gabriel Bateman
345911,996224,Alexander DiPersia
345911,1186027,Alicia Vela-Bailey
345911,21029,Billy Burke
345911,1659211,Andi Osho
345911,1598936,Maria Russell
345911,204548,Rolando Boyce
345911,1302131,Lotta Losten
429197,3894,Christian Bale
429197,9273,Amy Adams
429197,4495,Steve Carell
429197,6807,Sam Rockwell
429197,17486,Alison Pill
429197,1665,Eddie Marsan
429197,20301,Justin Kirk
429197,64908,LisaGay Hamilton
429197,88124,Jesse Plemons
429197,121718,Bill Camp
436398,31363,Candace Cameron Bure
436398,43311,Yannick Bisson
436398,21619,Marilu Henner
436398,69574,Lexa Doig
436398,137971,Miranda Frigon
436398,5009,Peter Benson
436398,172847,Bruce Dawson
436398,60293,Jeremy Guilbaut
436398,64671,Jim Thorburn
436398,158644,Ellie Harvie
622420,1657121,Ethan Taylor
622420,1675328,Robert Strange
622420,1419062,Lucy-Jane Quinlan
622420,1976353,Philip Ridout
622420,2384707,Darrie Gardner
622420,1733480,Stacey Lynn Crowe
622420,1738514,Vinnie Clarke
622420,1680293,Charles Abomeli
622420,1128296,Tom Carter
622420,1780515,Simon Balfour
829410,1803286,Gideon Adlon
829410,3407589,Bethlehem Million
829410,236302,Dylan Sprayberry
829410,212776,Marc Menchaca
829410,209,Jane Adams
829410,518627,Joel Courtney
829410,1743134,Chris Reid
829410,2000930,Duane Stephens
829410,3561527,Logan Murphy
829410,3871817,Terry D. Gibson
454283,9656,Johnny Knoxville
454283,56586,Chris Pontius
454283,1972979,Clover Nee
454283,1462923,Eleanor Worthington-Cox
454283,1221086,Susan Yeagley
454283,1183546,Dan Bakkedahl
454283,1836498,Camilla Wolfson
454283,1060081,Johnny Pemberton
454283,1637781,Jack Haven
454283,2055672,Eric Manaka
421131,1503534,Elise Bauman
421131,1503535,Natasha Negovanlis
421131,1565854,Annie Briggs
421131,1565853,Kaitlyn Alexander
421131,1635683,Nicole Stamp
421131,5939,Grace Lynn Kung
421131,1197122,Cara Gee
421131,1565855,Matt O'Connor
421131,1494008,Sophia Walker
421131,1525216,Sharon Belle
346648,17064,Ben Whishaw
346648,39658,Sally Hawkins
346648,19923,Hugh Bonneville
346648,1304661,Madeleine Harris
346648,1304662,Samuel Joslin
346648,477,Julie Walters
346648,3291,Hugh Grant
346648,11356,Imelda Staunton
346648,2039,Brendan Gleeson
346648,388,Jim Broadbent
448119,3223,Robert Downey Jr.
448119,1789952,Harry Collett
448119,3968,Michael Sheen
448119,388,Jim Broadbent
448119,3131,Antonio Banderas
448119,17838,Rami Malek
448119,1498158,Jessie Buckley
448119,7056,Emma Thompson
448119,56446,John Cena
448119,466505,Kumail Nanjiani
821427,77517,Isabelle Fuhrman
821427,1369336,Amy Forsyth
821427,2881864,Dilone
821427,51937,Jonathan Cherry
821427,984711,Kate Drummond
821427,1550581,Charlotte Ubben
821427,3354236,Sage Irvine
821427,3354234,Chantelle Bishop
821427,1427480,Jeni Ross
821427,1574442,Nikki Duval
269795,91520,Michiel Huisman
269795,20374,Teresa Palmer
269795,589650,Sam Reid
269795,1068123,John Waters
269795,29097,Kerry Armstrong
269795,1383834,Richard Davies
269795,81331,Maeve Dermody
269795,1347947,Remy Hii
269795,76850,Simone Kessell
269795,27754,Mitchell Butel
635910,1154054,Corey Hawkins
635910,1323109,Aisling Franciosi
635910,83854,David Dastmalchian
635910,111090,Javier Botet
635910,15498,Liam Cunningham
635910,1656685,Chris Walley
635910,1224010,Jon Jon Briones
635910,80507,Stefan Kapičić
635910,1291166,Martin Furulund
635910,1238110,Nikolai Nikolaeff
566038,3063,Tilda Swinton
751237,25540,Sandra Oh
751237,205955,Fivel Stewart
751237,20212,Dermot Mulroney
751237,1121786,Odeya Rush
751237,2727080,MeeWha Alana Lee
751237,305993,Tom Yi
839678,1213395,Brianne Tju
839678,2909582,Ali Gallo
839678,2115351,Benjamin Wadsworth
839678,1944274,Drew Scheid
839678,1444726,Lo Graham
839678,1619544,C.J. LeBlanc
839678,231241,Uriah Shelton
839678,1046665,Joshua Mikel
839678,112268,Peter Giles
839678,1438287,Blake Burt
258099,57599,Seann William Scott
258099,52442,Olivia Thirlby
258099,61114,Kate Walsh
258099,39520,Garret Dillahunt
258099,71403,Rob Riggle
258099,15234,David Arquette
258099,59219,Kyle Gallner
258099,1030513,Jack Quaid
258099,94103,Evan Ross
258099,95476,Connie Stevens
602609,109046,Tiya Sircar
602609,209769,Chad Connell
602609,1068259,Marco Grazzini
602609,82755,Jesse Camacho
602609,7013,Mark Camacho
602609,1725473,Elana Dunkelman
602609,2313863,Kelly Hope Taylor
602609,1789637,Kenny Wong
602609,1823527,Daniela Sandiford
602609,2317501,Christina Tannous
457799,29222,Zac Efron
457799,112561,Lily Collins
457799,115150,Kaya Scodelario
457799,52886,Jeffrey Donovan
457799,85143,Angela Sarafyan
457799,19152,Dylan Baker
457799,49271,Brian Geraghty
457799,11067,Terry Kinney
457799,9640,Haley Joel Osment
457799,57637,James Hetfield
429417,22810,Andy Nyman
429417,34900,Paul Whitehouse
429417,1379277,Alex Lawther
429417,7060,Martin Freeman
429417,579295,Samuel Bottomley
429417,2021086,Deborah Wastell
429417,2021087,Amy Doyle
429417,1215154,Daniel Hill
429417,2021088,Ramzan Miah
429417,110076,Nicholas Burns
914215,449,Jay Baruchel
914215,4570,Emily Hampshire
914215,2181157,Sebastian Chacon
914215,1689143,Alanna Bale
914215,1833002,Sirena Gulamgaus
914215,115986,Uni Park
914215,5921,Martin Roach
914215,2780098,Blessing Adedijo
914215,15029,Enrico Colantoni
914215,8212,Peter Gallagher
369058,1254411,Karissa Lee Staples
369058,1211093,Brant Daugherty
369058,111196,David O'Donnell
369058,1220763,Brittany Underwood
369058,84208,Ion Overman
369058,29021,Roxanne Hart
369058,45863,Doris Roberts
369058,1049795,Camille Balsamo
369058,1046140,Ben Levin
369058,2193019,Keith Dobbins
837881,36662,Carey Mulligan
837881,35028,Zoe Kazan
837881,1276,Patricia Clarkson
837881,6861,Andre Braugher
837881,1969732,Lola Petticrew
837881,3086341,Katherine Laheen
837881,2739543,Emma Clare O'Connor
837881,207442,Tom Pelphrey
837881,2337520,Dalya Knapp
837881,3827575,Emery Ellis Harper
615678,55536,Melissa McCarthy
615678,6944,Octavia Spencer
615678,23532,Jason Bateman
615678,21127,Bobby Cannavale
615678,139820,Pom Klementieff
615678,6832,Melissa Leo
615678,1381987,Taylor Mosby
615678,59845,Marcella Lowery
615678,168658,Melissa Ponzio
615678,170820,Ben Falcone
522417,62307,Zach McGowan
522417,68278,Peter Mensah
522417,1465469,Pearl Thusi
522417,1527565,Mayling Ng
522417,88082,Katy Louise Saunders
522417,1353810,Inge Beckmann
522417,1758073,Stephanie Schildknecht
522417,1158435,Howard Charles
522417,2036290,Rizelle Januk
522417,24898,Nathan Jones
398978,380,Robert De Niro
398978,1158,Al Pacino
398978,4517,Joe Pesci
398978,1037,Harvey Keitel
398978,15757,Ray Romano
398978,21127,Bobby Cannavale
398978,10690,Anna Paquin
398978,1115,Stephen Graham
398978,204651,Stephanie Kurtzuba
398978,54738,Jack Huston
290764,84214,Taylor Lautner
290764,140114,Marie Avgeropoulos
290764,144292,Adam Rayner
290764,21660,Rafi Gavron
290764,1044954,Sam Medina
290764,1400512,Luciano Acuna Jr.
290764,1452000,Johnny M. Wu
290764,1269910,Wai Ching Ho
290764,74304,Doua Moua
290764,1634442,Josh Yadon
408648,34947,Kevin Conroy
408648,1221716,Melissa Rauch
408648,15423,Paget Brewster
408648,34979,Loren Lester
408648,24362,Kevin Michael Richardson
408648,89599,Eric Bauza
408648,82816,Trevor Devall
408648,31531,John DiMaggio
408648,130081,Robin Atkin Downes
408648,43125,Rob Paulsen
505948,1443492,Clara Rugaard
505948,9827,Rose Byrne
505948,448,Hilary Swank
505948,1048610,Luke Hawker
505948,1980615,Tahlia Sturzaker
505948,2146730,Maddie Lenton
505948,2146731,Hazel Sandery
505948,2146733,Summer Lenton
505948,2146732,Jacob Nolan
505948,1786662,Tracy Britton
376261,1672164,Anthony Weiner
376261,1672159,Huma Abedin
376261,1672160,Amit Bagga
376261,1672161,Adam Barta
376261,1672162,Sydney Leathers
376261,1672165,Jordan Zain Weiner
376261,1695744,Camille Joseph
376261,1695745,Barbara Morgan
376261,1695746,Andrew Noh
376261,1695747,Maura Tracy
775996,53650,Anthony Mackie
775996,1837297,Damson Idris
775996,91494,Enzo Cilenti
775996,130414,Emily Beecham
775996,50217,Michael Kelly
775996,2267919,Kristina Tonteri-Young
775996,2067955,Brady Dowad
775996,125719,Henry Garrett
775996,1471612,Alexandra Szucs
775996,2938556,Gábor Krausz
418533,1205,Richard Gere
418533,22970,Peter Dinklage
418533,27740,Walton Goggins
418533,11367,Bradley Whitford
418533,1052255,Charlotte Hope
418533,25654,Julianna Margulies
418533,7166,Kevin Pollak
418533,1473281,James Monroe Iglehart
418533,17401,Stephen Root
418533,13724,Jane Alexander
661747,2503140,Fulu Modibedi
661747,2207871,Tumi Morake
661747,2719533,Bohang Moeko
661747,2719534,Yonda Thomas
661747,1772672,Mpho Osei Tutu
661747,2719535,Tiffany Barbuzano
661747,2300647,Lihle Dhlomo
661747,1587571,Craig Jackson
661747,1181397,Connie Chiume
661747,2122902,Wayne Van Rooyen
1014590,1721740,Camila Mendes
1014590,2164506,Archie Renaux
1014590,3141,Marisa Tomei
1014590,5313,Lena Olin
1014590,34257,Anthony Stewart Head
1014590,3491,Thomas Kretschmann
1014590,1423713,Grégory Montel
1014590,104853,Rachel Matthews
1014590,1610713,Fola Evans-Akingbola
1014590,1880755,Andrew Schulz
493099,1493224,Ruth Bader Ginsburg
493099,2064049,Jane C. Ginsburg
493099,2134073,James Steven Ginsburg
493099,1236580,Nina Totenberg
493099,2064068,Clara Spera
493099,176027,Gloria Steinem
493099,116341,Bill Clinton
493099,2064054,Sharron Frontiero
493099,1235233,Orrin Hatch
493099,2064060,Lilly Ledbetter
432615,1799598,Andrew Ackerman
432615,1799599,Pim Bongaerts
432615,1799600,Neal Cantin
432615,1799601,Phil Dustan
432615,1799602,Ruth Gates
432615,1799603,Manuel González-Rivero
432615,1799604,Ove Hoegh-Guldberg
432615,1799605,Joanie Kleypas
432615,1799606,Justin Marshall
432615,1799607,Trevor Mendelow
497814,17773,Gabrielle Union
497814,21029,Billy Burke
497814,1105711,Richard Cabral
497814,1789713,Ajiona Alexus
497814,939395,Levi Meaden
497814,1609481,Seth Carr
497814,1231116,Mark Furze
497814,95475,Jason George
497814,212821,Christa Miller
497814,159948,Damien Leake
347751,1292646,Brianne Moncrief
347751,1485101,PJ McCabe
347751,1114303,Neville Archambault
347751,119280,Sean Carrigan
347751,1257865,Sarah Baldwin
347751,1416383,Jim Cummings
347751,1653527,Heidi Niedermeyer
347751,4824324,Andy Gould
347751,2894016,Ethan Rosenberg
347751,3370223,DeForrest Taylor
378200,143242,Terrence J
378200,52851,Paula Patton
378200,89462,Kali Hawk
378200,98772,Lauren London
378200,33285,Brandy Norwood
378200,54502,Cassie Ventura
378200,1565513,Draya Michele
378200,1591489,Bria L. Murphy
378200,1565512,Chantel Jeffries
378200,49002,Donald Faison
1211472,133,Peter Sarsgaard
1211472,37154,John Magaro
1211472,21343,Ben Chaplin
1211472,119065,Leonie Benesch
1211472,5445,Zinedine Soualem
1211472,1266584,Georgina Rich
1211472,17199,Corey Johnson
1211472,1993042,Marcus Rutherford
1211472,3508679,Daniel Adeosun
1211472,239996,Benjamin Walker
448095,98285,Bella Thorne
448095,144852,Richard Harmon
448095,20212,Dermot Mulroney
448095,78861,Amy Price-Francis
448095,55589,Shaun Benson
448095,93228,Louis Herthum
448095,1780950,Thomas Elms
448095,1780953,Sara Thompson
448095,55616,David Lawrence Brown
448095,67704,Hugh Dillon
1077782,27319,Christoph Waltz
1077782,140,Lucy Liu
1077782,2764542,Cooper Hoffman
1077782,2385684,Karishma Navekar
1077782,1866474,Desmond Edwards
1077782,1291970,Ryan McParland
1077782,1765199,Ann Akinjirin
1077782,1648612,Charlie Hamblett
1077782,173666,Jason Done
1077782,1239072,Tony Hirst
572802,117642,Jason Momoa
572802,17178,Patrick Wilson
572802,1639847,Yahya Abdul-Mateen II
572802,79082,Randall Park
572802,55085,Amber Heard
572802,2227,Nicole Kidman
572802,16644,Dolph Lundgren
572802,7242,Temuera Morrison
572802,1789788,Lillah Indya Moore
572802,90060,Pilou Asbæk
362703,928572,Scott Eastwood
362703,27740,Walton Goggins
362703,38670,Camilla Belle
362703,2047,Danny Glover
362703,33527,Adam Beach
362703,21629,Tzi Ma
362703,22462,Joaquim de Almeida
362703,10963,José Zúñiga
362703,1558069,Samuel Marty
362703,1498026,Nesta Cooper
340837,122889,Dane DeHaan
340837,11355,Jason Isaacs
340837,1137824,Mia Goth
340837,35518,Harry Groener
340837,9139,Celia Imrie
340837,383624,Adrian Schiller
340837,1346980,Ivo Nandi
340837,67987,Tomas Norström
340837,1760767,Ashok Mandanna
340837,52878,Lisa Banes
897087,56446,John Cena
897087,88029,Alison Brie
897087,937009,Juan Pablo Raba
897087,2224,Christian Slater
897087,59860,Alice Eve
897087,20982,Marton Csokas
897087,1471515,Sebastián Eslava
897087,2249889,Molly McCann
897087,2479267,Mauricio Cujar
897087,1175778,Diego Vásquez
1130276,1564490,Brendan Bradley
1130276,1495677,Rachel Cook
1130276,1423663,Olivia Grace Applegate
1130276,1316479,Derek Smith
1130276,1533902,Emily Kincaid
1130276,2372,Ron Perlman
1130276,2165,Rosanna Arquette
520663,9273,Amy Adams
520663,64,Gary Oldman
520663,53650,Anthony Mackie
520663,2099497,Fred Hechinger
520663,986808,Wyatt Russell
520663,226366,Brian Tyree Henry
520663,10431,Jennifer Jason Leigh
520663,979432,Jeanine Serralles
520663,2187715,Mariah Bozeman
520663,1231,Julianne Moore
484718,776,Eddie Murphy
484718,44994,Arsenio Hall
484718,1488960,Jermaine Fowler
484718,168452,Leslie Jones
484718,56903,Tracy Morgan
484718,1884703,KiKi Layne
484718,155783,Shari Headley
484718,10814,Wesley Snipes
484718,15152,James Earl Jones
484718,22384,John Amos
504561,13301,Quincy Jones
504561,80591,Rashida Jones
504561,31,Tom Hanks
504561,13309,Oprah Winfrey
504561,113461,John Legend
504561,2888,Will Smith
504561,152759,Peggy Lipton
504561,84933,Mary J. Blige
504561,1008292,Kendrick Lamar
504561,2041,Dr. Dre
285024,1362579,Arielle Holmes
285024,572541,Caleb Landry Jones
285024,53938,Eléonore Hendricks
285024,1425799,Buddy Duress
285024,1425800,Necro
285024,1879650,Isaac Adams
285024,1879651,Diana Singh
285024,1879652,Benjamin Hampton
285024,1879653,Manny Aguila
285024,4416728,Yuri Pleskun
843633,12132,Michael Rooker
843633,62,Bruce Willis
843633,6949,John Malkovich
843633,18182,Olga Kurylenko
843633,1450407,Lorenzo Antonucci
843633,53330,Michael Rose
843633,1415546,Vadhir Derbez
843633,2667083,Lauren Buglioli
843633,169173,Ski Carr
843633,144303,Josef Cannon
1122932,1279279,Virginia Gardner
1122932,2921201,Alex Aiono
1122932,4047562,Eowyn Nyby Krieger
1122932,20960,Rob Estes
1122932,5141648,Veronica del Cerro
1122932,4047560,Alex Astort-Fabra
1122932,3938446,Marjorie E. Glantz
1122932,5141727,Lisa Krosnicki
1122932,3108936,Ramón Robles
1122932,980775,Isabel Serrano
393732,1008607,Sophie Nélisse
393732,1279814,Josh Wiggins
393732,10132,Colm Feore
393732,2053,Bill Paxton
393732,51389,Joe Cobden
393732,200625,Vickie Papavs
393732,209151,Ryan Blakely
393732,128176,George Buza
393732,7010,Tara Nicodemo
393732,1505922,Mike McPhaden
482321,1774679,Jack Dylan Grazer
482321,58225,Zach Galifianakis
482321,27105,Ed Helms
482321,39187,Olivia Colman
482321,1091324,Rob Delaney
482321,1029934,Justice Smith
482321,2309874,Kylie Cantrall
482321,1634120,Ricardo Hurtado
482321,1504903,Cullen McCarthy
482321,1373681,Ava Morse
150540,56322,Amy Poehler
150540,169200,Phyllis Smith
150540,21125,Richard Kind
150540,19278,Bill Hader
150540,59258,Lewis Black
150540,125167,Mindy Kaling
150540,1371894,Kaitlyn Dias
150540,2882,Diane Lane
150540,6677,Kyle MacLachlan
150540,196502,Paula Poundstone
449755,1213278,Eliza Taylor
449755,1533,Andie MacDowell
449755,496470,Jake Lacy
449755,1939158,Ben Rosenbaum
449755,5941,Neil Crone
449755,956556,Michael Xavier
449755,44203,Lori Hallier
449755,62126,Anthony Sherwood
449755,182976,Mag Ruffman
449755,166489,Bill Lake
545609,74568,Chris Hemsworth
545609,2298804,Rudhraksh Jaiswal
545609,6519,Randeep Hooda
545609,229932,Golshifteh Farahani
545609,1179460,Pankaj Tripathi
545609,35029,David Harbour
545609,2614128,Bryon Lerum
545609,2614131,Ryder Lerum
545609,2595214,Shivam Vichare
545609,2606252,Piyush Khati
296096,1223786,Emilia Clarke
296096,237455,Sam Claflin
296096,47627,Janet McTeer
296096,4391,Charles Dance
296096,74056,Brendan Coyle
296096,1080542,Jenna Coleman
296096,96841,Matthew Lewis
296096,122535,Samantha Spiro
296096,1231106,Stephen Peacocke
296096,556356,Vanessa Kirby
345317,118,Geoffrey Rush
345317,53807,Armie Hammer
345317,11291,Clémence Poésy
345317,4252,Tony Shalhoub
345317,4529,Sylvie Testud
345317,9140,James Faulkner
345317,101034,Kerry Shale
345317,1220107,Annabel Mullion
345317,2411956,Tim Dreisden
345317,1602722,Takatsuna Mukai
340103,35028,Zoe Kazan
340103,1130510,Ella Ballentine
340103,77222,Aaron Douglas
340103,1690480,Christine Ebadi
340103,63812,Marc Hickox
340103,100,Scott Speedman
340103,113211,Chris Webb
372343,17288,Michael Fassbender
372343,933238,Rebecca Ferguson
372343,4273,Charlotte Gainsbourg
372343,47068,Jonas Karlsson
372343,1853977,Michael Yates
372343,20523,Ronan Vibert
372343,18999,J.K. Simmons
372343,5576,Val Kilmer
372343,93236,David Dencik
372343,13014,Toby Jones
329020,113,Christopher Lee
329020,1547,Bela Lugosi
329020,6104,Julian Sands
329020,10828,Guillermo del Toro
329020,102429,Roger Corman
329020,1008550,Stephen Hughes
329020,23765,Cornelia Funke
329020,2017738,Karla Cervantes
329020,228709,Raúl García
500656,33397,Sarah Bolger
500656,114252,Edward Hogg
500656,37049,Andrew Simpson
500656,1233105,Jane Brennan
500656,1651871,Caolan Byrne
500656,211610,Packy Lee
500656,1966461,Rudy Doherty
500656,1966462,Macie McCauley
500656,1120704,Susan Ateh
500656,1966463,Siobhan Kelly
426230,82885,Zoe Lister-Jones
426230,115974,Adam Pally
426230,61110,Fred Armisen
426230,56910,Susie Essman
426230,75318,Retta
426230,1181326,Hannah Simone
426230,206485,Ravi Patel
426230,131520,Brooklyn Decker
426230,1001536,Angelique Cabral
426230,35552,Majandra Delfino
677179,135651,Michael B. Jordan
677179,62561,Tessa Thompson
677179,1674162,Jonathan Majors
677179,119598,Phylicia Rashād
677179,3759632,Mila Davis-Kent
677179,65829,Wood Harris
677179,3636888,José Benavidez Jr.
677179,1998541,Florian Munteanu
677179,162503,Selenis Leyva
677179,2864869,Thaddeus J. Mixson
971699,2648396,Rosy McEwen
971699,570323,Kerrie Hayes
971699,3536817,Lucy Halliday
971699,2664861,Lydia Page
971699,3163376,Becky Lindsay
971699,3924040,Maya Torres
971699,3924038,Ellen Gowland
971699,2335665,Amy Booth-Steel
971699,3063466,Stacy Abalogun
971699,3640536,Izzy Neish
333385,6807,Sam Rockwell
333385,84223,Anna Kendrick
333385,3129,Tim Roth
333385,5296,James Ransone
333385,56675,Anson Mount
333385,67979,Michael Eklund
333385,150,RZA
333385,60881,Douglas M. Griffin
333385,1302422,Katie Nehra
333385,1054306,Jaiden Kaine
691812,13022,Tom Berenger
691812,73454,Kristen Hager
691812,85142,Paul Ben-Victor
691812,156605,Mark Sivertsen
691812,999737,Erica McDermott
691812,50588,Bates Wilder
691812,949852,Brian Duffy
691812,1371551,Melissa McMeekin
691812,1616714,Jimmy LeBlanc
691812,1456293,Caroline Portu
297725,1023139,Adam Driver
297725,378,Jonathan Pryce
297725,1640,Stellan Skarsgård
297725,31384,Jordi Mollà
297725,1686493,Joana Ribeiro
297725,59129,Óscar Jaenada
297725,18182,Olga Kurylenko
297725,51119,Will Keen
297725,25258,Rossy de Palma
297725,16972,Sergi López
421632,9274,James Brolin
421632,8211,Mena Suvari
421632,1306572,Giselle Eisenberg
421632,62920,John Reardon
421632,208069,Jacob Blair
421632,1473959,Melissa Bolona
421632,1342478,Laura Miyata
421632,1709314,Dale Whibley
421632,166450,Angela Asher
421632,2041867,Angelica Lisk-Hann
1003579,206757,David Giuntoli
1003579,58791,Patrick Fabian
1003579,31531,John DiMaggio
1003579,111923,Karan Brar
1003579,103330,Navid Negahban
1003579,1352628,Darin De Paul
1003579,1480477,Emily O'Brien
1003579,53761,Christopher Gorham
1003579,83854,David Dastmalchian
1003579,55538,Tim Russ
410113,2597712,Asher Bishop
410113,20049,David Tennant
410113,144250,Michelle Gomez
410113,17414,Jill Talley
410113,146391,Brian Stepanek
410113,283842,Catherine Taber
410113,71861,Liliana Mumy
410113,52698,Nika Futterman
410113,1401389,Cristina Pucelli
410113,94820,Jessica DiCicco
425591,15091,Melanie Lynskey
425591,109,Elijah Wood
425591,399681,David Yow
425591,530618,Jane Levy
425591,111518,Devon Graye
425591,202845,Christine Woods
425591,79416,Robert Longstreet
425591,54043,Gary Anthony Williams
425591,43934,Myron Natwick
425591,51300,Derek Mears
414768,31363,Candace Cameron Bure
414768,69574,Lexa Doig
414768,1926630,Stephanie Bennett
414768,43311,Yannick Bisson
414768,158644,Ellie Harvie
414768,86530,Chilton Crane
414768,137971,Miranda Frigon
414768,1834752,Julie Lynn-Mortensen
414768,87577,David Ingram
414768,21619,Marilu Henner
262500,94185,Shailene Woodley
262500,587020,Theo James
262500,996701,Miles Teller
262500,204,Kate Winslet
262500,1159982,Ansel Elgort
262500,37153,Zoë Kravitz
262500,224181,Jai Courtney
262500,56614,Ray Stevenson
262500,3489,Naomi Watts
262500,6944,Octavia Spencer
431259,22108,Skeet Ulrich
431259,586,Sean Young
431259,1721091,Christine Donlon
431259,84841,Randy Wayne
431259,1886407,Matt McVay
431259,1639990,Ashley Gallegos
431259,1886408,Hayley Goldstein
431259,1317384,Iyad Hajjaj
431259,1886409,Taylor Piedmonte
431259,1432327,Hayley McLaughlin
892835,237455,Sam Claflin
892835,114254,Verónica Echegui
892835,1278555,Antonia Clarke
892835,52746,Horacio García Rojas
892835,3293209,Melissa Pino
892835,2368829,Galya Vidal
892835,238139,Fernando Becerril
892835,3402388,Ruy Gaytan
892835,2335027,Horacio Villalobos
892835,66446,Lucy Punch
520765,12206,Richard Roxburgh
520765,1518,Frances O'Connor
520765,3062,Dan Wyllie
520765,2030225,Cooper van Grootel
520765,2030223,William Lodder
520765,2030224,Anastasia Bampos
520765,985070,Damian de Montemas
520765,1982828,Darius Amarfio Jefferson
520765,2523102,Rhys Lander
520765,1438836,Adam T Perkins
520466,1475939,Katherine Barrell
520466,73610,Tim Rozon
520466,1794961,Luke Newton
520466,1489322,Craig Stein
520466,1469407,Greg Kriek
520466,532,Joe Pantoliano
520466,1141632,Sai Bennett
520466,16373,Maxim Baldry
520466,1261125,Alisha Bailey
520466,2533909,Gavin Lee Gomes
315855,56977,Roy Dupuis
315855,119388,Clara Furey
315855,145601,Louis Negin
315855,1646,Udo Kier
315855,141741,Gregory Hlady
315855,8789,Mathieu Amalric
315855,79623,Noel Burton
315855,400,Geraldine Chaplin
315855,81427,Paul Ahmarani
315855,31383,Caroline Dhavernas
764104,62747,Chad Michael Murray
764104,84698,Jessica Lowndes
764104,2884680,Vanessa Sears
764104,43292,Steve Byers
764104,59597,Seana McKenna
764104,1226195,Rob Stewart
764104,166496,Fiona Highet
764104,374295,Ellora Patnaik
764104,1936352,Deanna Jarvis
764104,1205698,Kelly Martin
283378,56542,Addison Timlin
283378,225692,Jeremy Irvine
283378,18066,Juliet Aubrey
283378,127281,Harrison Gilbertson
283378,1345418,Lola Kirke
283378,1345419,Hermione Corfield
283378,1070886,Daisy Head
283378,217053,Sianoa Smit-McPhee
283378,20810,Joely Richardson
283378,1145665,Malachi Kirby
294254,527393,Dylan O'Brien
294254,115150,Kaya Scodelario
294254,25663,Thomas Brodie-Sangster
294254,4808,Giancarlo Esposito
294254,1310760,Ki Hong Lee
294254,1036196,Dexter Darden
294254,973667,Rosa Salazar
294254,1276,Patricia Clarkson
294254,49735,Aidan Gillen
294254,12834,Barry Pepper
568620,1807132,Henry Golding
568620,1658375,Andrew Koji
568620,1168128,Haruka Abe
568620,1042728,Úrsula Corberó
568620,1372369,Samara Weaving
568620,1082509,Takehiro Hira
568620,1075864,Eri Ishida
568620,113732,Iko Uwais
568620,68278,Peter Mensah
568620,1517254,Steven Allerick
765245,932967,Mahershala Ali
765245,2038,Naomie Harris
765245,1625558,Awkwafina
765245,515,Glenn Close
765245,33527,Adam Beach
765245,1475833,Lee Shorten
765245,3153677,Dax Rey
765245,84070,Nyasha Hatendi
765245,2059180,JayR Tinaco
765245,1369075,Luke Camilleri
361292,118545,Dakota Johnson
361292,3063,Tilda Swinton
361292,1137824,Mia Goth
361292,10255,Angela Winkler
361292,45195,Ingrid Caven
361292,56734,Chloë Grace Moretz
361292,1314208,Elena Fokina
361292,4529,Sylvie Testud
361292,66188,Renée Soutendijk
361292,1520917,Christine Leboutte
1102493,2037,Cillian Murphy
1102493,1639,Emily Watson
1102493,20057,Michelle Fairley
1102493,53999,Eileen Walsh
1102493,2491820,Zara Devlin
1102493,1851644,Clare Dunne
1102493,1520018,Helen Behan
1102493,2853335,Ella Cannon
1102493,1428990,Patrick Ryan
1102493,3874310,Peter Claffey
520946,2634036,Ilai Swindells
520946,224181,Jai Courtney
520946,1372369,Samara Weaving
520946,82666,Rhys Darby
520946,43775,Jane Lynch
520946,211412,Rupert Degas
520946,45586,Magda Szubanski
520946,221573,Akmal Saleh
520946,2280416,Sarah Rose Harper
520946,135227,Michael Bourchier
894169,85977,Clive Standen
894169,51995,Theo Rossi
894169,11155,Thomas Jane
894169,2068598,Kurt Yue
894169,62,Bruce Willis
894169,80757,Mike Tyson
894169,1077737,Jackie Moore
894169,2667083,Lauren Buglioli
894169,1783721,Maddie Nichols
894169,2231994,Cabot Basden
228973,34434,Missy Peregrym
228973,64612,Jeff Roop
228973,34489,Eric Balfour
228973,14902,Nicholas Campbell
363482,54499,Briana Evigan
363482,62909,Paul Campbell
363482,111379,Jacqueline Samuda
363482,70004,Greg Evigan
363482,64680,Tony Alcantar
363482,63791,Jay Brazeau
363482,84270,Tara Wilson
363482,1055157,Beverley Elliott
363482,1578321,Casey Manderson
363482,1397812,Fiona Vroom
829402,1646774,Christopher Sean
829402,16183,Gedde Watanabe
829402,3134,Tamlyn Tomita
829402,91387,Keone Young
829402,4366710,Julia Harriman
829402,4775526,Hiro Nakamura
829402,1116852,Rob Fukuzaki
829402,1235818,Frank Buckley
829402,60851,François Chau
829402,4775147,Robert Yasumura
539617,971299,Griffin Gluck
539617,1427948,Pete Davidson
539617,69718,Jon Cryer
539617,115440,Sydney Sweeney
539617,1299160,Emily Arlook
539617,1276759,mgk
539617,1540601,Thomas Barbusca
539617,1423519,Oona Laurence
539617,2441402,Esteban Benito
539617,77095,Julia K. Murney
332718,31164,Adewale Akinnuoye-Agbaje
332718,80613,China Anne McClain
332718,6972,Ian McShane
332718,512316,Jacob Latimore
332718,1230664,Cynthia Kaye McWilliams
332718,60279,Fred Tatasciore
332718,971877,Mick Wingert
332718,21403,Thomas Ian Nicholas
332718,169676,Jon Curry
332718,67015,Michael Gross
542224,1481238,Sophia Lillis
542224,2220157,Samuel Leakey
542224,2506,Alice Krige
542224,1196822,Jessica De Gouw
542224,1500875,Charles Babalola
542224,20279,Fiona O'Shaughnessy
542224,140006,Donncha Crowley
542224,2863913,Jonathan Gunning
542224,2505813,Beatrix Perkins
542224,2220158,Abdul Alshareef
480853,127558,Andrea Riseborough
480853,5723,John Leguizamo
480853,884,Steve Buscemi
480853,52475,J. Smith-Cameron
480853,43366,Ann Dowd
480853,1835691,T. Sahara Meer
480853,1447866,Virginia Kull
480853,113693,Samrat Chakrabarti
480853,1084958,Linda Kutrubes
480853,1493745,Olli Haaskivi
352695,111678,Thomas Middleditch
352695,115974,Adam Pally
352695,1044255,Alex Ross Perry
352695,208519,Nick Kroll
352695,213001,Jenny Slate
352695,119592,Aubrey Plaza
352695,88029,Alison Brie
352695,224197,Brett Gelman
352695,16858,Lauren Graham
352695,45423,Kris Rey
331313,65717,Jon Hamm
331313,52848,Isla Fisher
331313,58225,Zach Galifianakis
331313,90633,Gal Gadot
331313,10872,Patton Oswalt
331313,59841,Matt Walsh
331313,207250,Maribeth Monroe
331313,14721,Kevin Dunn
331313,1465325,Jona Xiao
331313,1509745,Ming Zhao
521029,1172108,Mckenna Grace
521029,1597855,Madison Iseman
521029,1411601,Katie Sarife
521029,2342988,Michael Cimino
521029,1378130,Samara Lee
521029,21657,Vera Farmiga
521029,17178,Patrick Wilson
521029,2401979,Luca Luhan
521029,181391,Alison White
521029,1708186,Paul Dean
433419,84466,Jess McLeod
433419,1562430,Hannah Cheramy
433419,1182657,John Emmet Tracy
433419,60724,Jana Mitsoula
433419,46903,Genevieve Buechner
433419,209764,Connor Stanhope
433419,99208,Johannah Newmarch
433419,61164,Craig March
433419,206618,Camille Atebe
433419,1368533,Yvette Dudley-Neuman
634649,1136406,Tom Holland
634649,505710,Zendaya
634649,71580,Benedict Cumberbatch
634649,1649152,Jacob Batalon
634649,15277,Jon Favreau
634649,134,Jamie Foxx
634649,5293,Willem Dafoe
634649,658,Alfred Molina
634649,30082,Benedict Wong
634649,1291350,Tony Revolori
722913,1117313,John David Washington
722913,505710,Zendaya
615115,87722,Noomi Rapace
615115,92404,Joel Kinnaman
615115,61659,Chris Messina
615115,139150,Amy Seimetz
615115,38663,Victoria Hill
615115,555652,Lucy Faust
615115,1327175,Dave Maldonado
615115,52885,Ritchie Montgomery
615115,1320114,Ed Amatrudo
615115,1658615,Jeff Pope
502385,1240639,Joe Thomas
502385,1208302,Hammed Animashaun
502385,1601493,Claudia O'Doherty
502385,228431,Hannah Tointon
502385,814184,Kurt Yaeger
502385,1971028,Hugh Coles
502385,1971032,Lizzy Connolly
502385,1013048,Theo Barklem-Biggs
502385,55936,Jemaine Clement
502385,11109,Nick Frost
439079,527313,Taissa Farmiga
439079,76961,Demián Bichir
439079,87287,Bonnie Aarons
439079,566080,Jonas Bloquet
439079,117656,Ingrid Bisu
439079,17178,Patrick Wilson
439079,21657,Vera Farmiga
439079,3127,Lili Taylor
439079,1052255,Charlotte Hope
439079,1393981,Sandra Teles
553147,95101,Charlie Day
553147,83586,Ken Jeong
553147,3967,Kate Beckinsale
553147,3490,Adrien Brody
553147,58224,Jason Sudeikis
553147,11477,Ray Liotta
553147,80619,Steve Coulter
553147,23532,Jason Bateman
553147,36190,Edie Falco
553147,139309,Mary Elizabeth Ellis
573435,2888,Will Smith
573435,78029,Martin Lawrence
573435,67599,Vanessa Hudgens
573435,23498,Alexander Ludwig
573435,544442,Paola Nuñez
573435,58115,Eric Dane
573435,65524,Ioan Gruffudd
573435,2256312,Jacob Scipio
573435,1399166,Melanie Liburd
573435,74610,Tasha Smith
850818,63333,America Young
850818,3003427,Amber Eliese May
850818,3223702,Giselle Fernández
850818,3367960,Alejandro Saab
850818,212205,Dinora Walcott
850818,2210957,Joshua Tomar
850818,2467979,Greg Chun
850818,1427388,Lisa Fuson
850818,1440178,Ritesh Rajan
850818,571336,Cassandra Lee Morris
298583,520,Sarah Jessica Parker
298583,3627,Paz Vega
298583,4959,Claudia Cardinale
298583,5412,Raoul Bova
298583,1196959,Rosie Day
298583,1145012,Nadir Caselli
298583,27177,Marco Bonini
298583,237807,Shel Shapiro
298583,78670,Walter D'Errico
298583,1776082,Gianclaudio Caretta
854188,89820,April Pearson
854188,222068,Blake Harrison
854188,2467,James Cosmo
854188,10699,Samantha Bond
854188,219367,Steve Oram
854188,1119,Robbie Gee
854188,7027,James Dreyfus
854188,29459,Patrick Bergin
854188,1194117,Kirsty Dillon
854188,1674277,Tahirah Sharif
489927,1579,Maggie Gyllenhaal
489927,1932174,Parker Sevak
489927,258,Gael García Bernal
489927,87070,Michael Chernus
489927,973667,Rosa Salazar
489927,1982,Ajay Naidu
489927,1724137,Anna Baryshnikov
489927,80002,Daisy Tahan
489927,1614419,Sam Jules
489927,113693,Samrat Chakrabarti
778855,2452432,Jordan Tartakow
778855,149684,Joe Ochman
778855,2204537,Laila Berzins
778855,2204541,Danny Fehsenfeld
778855,3034407,Chris McCune
778855,2666852,Michael Orenstein
778855,1305667,Dino Andrade
778855,114061,Kyle Hebert
778855,3266221,James Fredrick
778855,35367,Jeff Doucette
356298,298410,Keegan-Michael Key
356298,94098,Gillian Jacobs
356298,169265,Chris Gethard
356298,132354,Kate Micucci
356298,1222189,Tami Sagher
356298,113373,Mike Birbiglia
356298,15416,Richard Masur
356298,171297,Sondra James
356298,97065,Richard Kline
356298,1685881,Emily Skeggs
308084,1393915,Kitana Kiki Rodriguez
308084,1393916,Mya Taylor
308084,966306,Karren Karagulian
308084,1483293,Mickey O'Hagan
308084,1118216,Alla Tumanian
308084,5296,James Ransone
308084,1611671,Luiza Nersisyan
308084,1179870,Arsen Grigoryan
308084,160007,Ian Edwards
308084,206334,Scott Krinsky
505423,53807,Armie Hammer
505423,118545,Dakota Johnson
505423,1545693,Zazie Beetz
505423,15376,Brad William Henke
505423,1327613,Karl Glusman
505423,1518689,Christin Rankins
505423,1848624,Benny Thrasher
505423,1347285,Alexander Biglane
505423,2269223,Matthew Underwood
505423,1222666,Oren Hawxhurst
427900,368,Reese Witherspoon
427900,232006,Nat Wolff
427900,1714925,Jon Rudnitsky
427900,1417739,Pico Alexander
427900,25703,Lake Bell
427900,81316,Reid Scott
427900,178614,Dolly Wells
427900,1475744,Lola Flanery
427900,3968,Michael Sheen
427900,11850,Candice Bergen
590223,527393,Dylan O'Brien
590223,1202689,Jessica Henwick
590223,12132,Michael Rooker
590223,1231108,Dan Ewing
590223,1767250,Ariana Greenblatt
590223,83218,Ellen Hollman
590223,1800820,Tre Hale
590223,1576672,Pacharo Mzembe
590223,1396575,Senie Priti
590223,1236816,Amali Golden
318922,3292,Nicholas Hoult
318922,104561,Craig Roberts
318922,73462,Georgia King
318922,47702,Tom Riley
318922,120560,Jim Piddock
318922,114252,Edward Hogg
318922,55466,James Corden
318922,119783,Joseph Mawle
318922,1308934,Dustin Demri-Burns
318922,1240398,Damien Molony
399057,72466,Colin Farrell
399057,2227,Nicole Kidman
399057,1290466,Barry Keoghan
399057,1055230,Raffey Cassidy
399057,1444880,Sunny Suljic
399057,121718,Bill Camp
399057,5588,Alicia Silverstone
399057,2084081,Herb Caillouet
399057,1854218,Barry G. Bernson
399057,1560348,Denise Dal Vera
1014779,1207377,Luís Figo
1014779,2013564,Pep Guardiola
1014779,59537,Roberto Carlos
1014779,2762673,Fernando Hierro
1014779,2343248,José Ramón de la Morena
1014779,1211596,Jorge Valdano
1014779,1193648,Paulo Futre
1014779,3677776,José Veiga
1014779,2034680,Joan Gaspart
1014779,1565479,Florentino Pérez
479626,1101345,Avicii
479626,89056,David Guetta
479626,74090,Tiësto
479626,999580,Mike Einziger
479626,4613,Nile Rodgers
479626,4246,Wyclef Jean
479626,81129,Chris Martin
479626,1036174,Aloe Blacc
479626,102786,Barack Obama
479626,1837833,Salem Al Fakir
