id,title,overview,release_date,genre_ids,popularity,vote_average,vote_count,original_language
523371,Patients of a Saint,There's a zombie outbreak after a medical trial in an international detention and medical facility on an isolated island. An ex US Special Forces/bodyguard woman inmate and a guard form a team.,2020-02-28,27,3.7663,6.284,132,en
293970,The Final Girls,"A young woman grieving the loss of her mother, a famous scream queen from the 1980s, finds herself pulled into the world of her mom's most famous movie. Reunited, the women must fight off the film's maniacal killer.",2015-10-09,35|27,5.4448,6.392,1450,en
639247,Dreamkatcher,"Gail is forced to come to terms with Josh, her new stepson, at a remote country home. After stealing an evil talisman from a mysterious neighbor, Josh has sinister dreams of his dead mother, who commands Josh to murder Gail. When Josh's dad returns, he and Gail suspect that their son has been possessed by an ancient, bloodthirsty spirit. Is it too late to save Josh's life — or their own?",2020-06-24,27|53,2.955,5.188,144,en
299245,The Gallows,"20 years after a horrific accident during a small town school play, students at the school resurrect the failed show in a misguided attempt to honor the anniversary of the tragedy - but soon discover that some things are better left alone.",2015-07-09,27,4.9841,4.935,1012,en
951491,Saw X,"Between the events of 'Saw' and 'Saw II', a sick and desperate John Kramer travels to Mexico for a risky and experimental medical procedure in hopes of a miracle cure for his cancer, only to discover the entire operation is a scam to defraud the most vulnerable. Armed with a newfound purpose, the infamous serial killer returns to his work, turning the tables on the con artists in his signature visceral way through devious, deranged, and ingenious traps.",2023-09-27,27|9648,12.1744,7.148,2506,en
292280,The Bye Bye Man,"When three college students move into an old house off campus, they unwittingly unleash a supernatural entity known as The Bye Bye Man, who comes to prey upon them once they discover his name. The friends must try to save each other, all the while keeping The Bye Bye Man's existence a secret to save others from the same deadly fate.",2017-01-12,27|53,7.5696,5.208,1342,en
756999,The Black Phone,"Finney Blake, a shy but clever 13-year-old boy, is abducted by a sadistic killer and trapped in a soundproof basement where screaming is of little use. When a disconnected phone on the wall begins to ring, Finney discovers that he can hear the voices of the killer’s previous victims. And they are dead set on making sure that what happened to them doesn’t happen to Finney.",2022-06-16,27|53,20.2126,7.506,6140,en
1059345,Cult Killer,"A private investigator is forced into a dangerous alliance with a killer in order to uncover a quiet town’s grisly criminal underbelly and clear the name of her mentor, who is implicated in the crimes.",2024-01-19,9648|53|80|27,4.8622,6.359,196,en
575776,Saint Maud,"Having recently found God, self-effacing young nurse Maud arrives at a plush home to care for Amanda, a hedonistic dancer left frail from a chronic illness. When a chance encounter with a former colleague throws up hints of a dark past, it becomes clear there is more to sweet Maud than meets the eye.",2020-10-09,27|9648|53,6.1597,6.5,947,en
532671,The Prodigy,A mother concerned about her young son's disturbing behavior thinks something supernatural may be affecting him.,2019-02-06,27|53,8.3827,6.158,1109,en
546724,We Summon the Darkness,Three best friends attending a heavy-metal show cross paths with sadistic killers after they travel to a secluded country home for an after party.,2020-08-28,27|53|18,3.8629,5.433,290,en
461108,Toxic Shark,"A tropical singles retreat takes a terrifying turn when guests realize a poisonous shark is infesting the surrounding water. Not only will it rip apart its victims, but it also uses projectile acid to hunt - in and out of the water.",2017-08-03,27|878|35,2.7246,5.6,102,en
327253,The Gracefield Incident,"On August 16, 2013, the Supreme Court mandated the CIA to declassify files that had been kept secret for the past 75 years. Visual records of documented paranormal events were released to the public. The following incident took place in Gracefield, Quebec.",2017-07-21,27|878|28|9648,1.5943,4.7,123,en
509635,Alone,"A recently widowed traveler is kidnapped by a cold blooded killer, only to escape into the wilderness where she is forced to battle against the elements as her pursuer closes in on her.",2020-09-10,27|53,5.9986,6.4,898,en
483737,Totem,A teen must resort to extreme measures to protect her family from a supernatural entity.,2017-10-31,27,1.6466,5.2,194,en
1114513,Speak No Evil,"When an American family is invited to spend the weekend at the idyllic country estate of a charming British family they befriended on vacation, what begins as a dream holiday soon warps into a snarled psychological nightmare.",2024-09-11,27|53,13.9226,7.086,2378,en
531219,Roald Dahl's The Witches,"In late 1967, a young orphaned boy goes to live with his loving grandma in the rural Alabama town of Demopolis. As the boy and his grandmother encounter some deceptively glamorous but thoroughly diabolical witches, she wisely whisks him away to a seaside resort. Regrettably, they arrive at precisely the same time that the world's Grand High Witch has gathered.",2020-10-26,35|14|10751|27,14.4747,6.3,3065,en
675327,Shadow in the Cloud,A WWII pilot traveling with top secret documents on a B-17 Flying Fortress encounters an evil presence on board the flight.,2021-01-01,27|28|10752,7.7458,5.816,1113,en
1024773,It Lives Inside,"Desperate to fit in at school, Sam rejects her Indian culture and family to be like everyone else. However, when a mythological demonic spirit latches onto her former best friend, she must come to terms with her heritage to defeat it.",2023-09-06,27|9648,4.7562,5.7,308,en
419639,The Thinning,"In a post-apocalyptic future where population control is dictated by a high-school aptitude test, two students discover the test is smoke and mirrors hiding a larger conspiracy.",2016-10-12,53|18|27,3.3692,6.6,392,en
814889,Never Let Go,"As an evil takes over the world beyond their front doorstep, the only protection for a mother and her twin sons is their house and their family’s protective bond.",2024-09-18,27,13.9208,6.1,696,en
502406,St. Agatha,"St. Agatha is set in the 1950s in small town Georgia. A pregnant con woman named Agatha is on the run and seeks refuge in a convent hidden in deafening isolation. What first starts out as the perfect place to have a child turns into a dark lair where silence is forced. Ghastly secrets are masked, and every bit of will power Agatha has is tested. She soon learns the sick and twisted truth of the convent and the odd people that lurk inside its halls. Agatha must now find a way to discover the unyielding strength needed to escape and save her baby before she’s caged behind these walls forever.",2018-04-20,27|53,3.5144,5.5,229,en
1216191,Oddity,"After the brutal murder of her twin sister, Darcy goes after those responsible by using haunted items as her tools for revenge.",2024-07-19,27|9648,7.526,6.692,925,en
241258,Incarnate,An exorcist comes up against an evil from his past when he uses his skills to enter the mind of a nine year old boy.,2016-12-01,27|53,4.0805,5.438,616,en
1008392,The Blackening,"Seven black friends go away for the weekend, only to find themselves trapped in a cabin with a killer who has a vendetta. They must pit their street smarts and knowledge of horror movies against the murderer to stay alive.",2023-06-15,27|35,4.0334,5.834,443,en
480210,Truth or Dare,"Eight college friends head to a ""Haunted Rental"" in a remote town for Halloween weekend. There, they play the game rumored to have caused the deaths of seven teenagers decades earlier, Truth or Dare. What starts out as vodka-fueled fun quickly turns serious when the dares become sickeningly dangerous and the truths threaten to tear the group apart. When players attempt to refuse the increasingly challenging tasks, they're met with deadly consequences, quickly discovering: you must do the dare, or the dare does you. As the death toll mounts, the remaining players must race against the clock to outrun, outsmart and outlast the simple game of Truth or Dare.",2017-10-08,27|14|9648|53|878,2.2989,5.3,160,en
623520,Z,A family find themselves terrorized by their eight-year-old son's imaginary friend.,2019-09-19,27|53,2.9172,6.528,363,en
457712,The VelociPastor,"After losing his parents, a priest travels to China, where he inherits a mysterious ability to turn into a dinosaur. At first horrified by this new power, a prostitute convinces him to fight crime. And ninjas.",2018-09-28,28|27|35,3.3024,5.44,275,en
676547,Prey for the Devil,"In response to a global rise in demonic possessions, the Catholic Church reopens exorcism schools to train priests in the Rite of Exorcism. On this spiritual battlefield, an unlikely warrior rises: a young nun, Sister Ann. Thrust onto the spiritual frontline with fellow student Father Dante, Sister Ann finds herself in a battle for the soul of a young girl and soon realizes the Devil has her right where he wants her.",2022-10-23,27|53,12.1714,6.834,1035,en
262848,Phantasm: Ravager,"Brothers Mike and Jody join family friend Reggie to battle the Tall Man and his evil minions from another dimension, for the final time.",2016-10-07,27|14|28|878,2.6405,4.827,196,en
1308757,Dead Sea,"Stranded in the open sea after a fatal accident, a young woman and her two friends are rescued by a fishing vessel's captain, unaware that the ship harbors a chilling secret.",2024-07-26,80|27|53,4.0378,6.357,255,en
542713,Starfish,"Humanity is about to come to an end due to a mysterious signal; trapped at the home of a dead friend, Aubrey tries to turn things around after finding a mysterious cassette tape.",2019-03-14,18|27|878,1.878,5.6,197,en
417384,Scary Stories to Tell in the Dark,"Mill Valley, Pennsylvania, Halloween night, 1968. After playing a joke on a school bully, Stella and her friends decide to sneak into a supposedly haunted house that once belonged to the powerful Bellows family, unleashing dark forces that they will be unable to control.",2019-08-08,27|9648,12.9898,6.5,2949,en
400605,Dead Rising: Endgame,Investigative reporter Chase Carter must stop a secret government conspiracy in the zombie infested quarantine zone of East Mission City.,2016-06-20,28|27,2.9535,5.155,200,en
334536,The Blackcoat's Daughter,"Two young women at a prestigious prep school are assailed by an evil, invisible power when they're stranded over winter break.",2017-03-31,27|9648,4.7481,5.873,817,en
748853,In the Earth,"As a deadly virus ravages the world, Dr. Martin Lowery embarks on a mission to reach test site ATU327A, a research hub deep in the Arboreal Forest. The arduous journey, guided by park scout Alma, is set back by a nighttime attack that leaves the two bruised and shoeless. When they run into Zach, a man living off the grid, they gratefully accept his help. Zach’s intentions aren’t exactly what they seem, however, and a path out of the forest and into safety quickly fades as the line between myth and science blurs.",2021-04-16,27|878|53,2.6697,5.567,408,en
426063,Nosferatu,"A gothic tale of obsession between a haunted young woman and the terrifying vampire infatuated with her, causing untold horror in its wake.",2024-12-25,27|14,21.1714,6.7,4024,en
397243,The Autopsy of Jane Doe,"Father and son coroners receive a mysterious unidentified corpse with no apparent cause of death. As they attempt to examine the ""Jane Doe,"" they discover increasingly bizarre clues that hold the key to her terrifying secrets.",2016-12-21,27|9648,12.7816,6.847,4921,en
838484,Choose or Die,"In pursuit of an unclaimed $125,000 prize, a broke college dropout decides to play an obscure, 1980s survival computer game. But the game curses her, and she’s faced with dangerous choices and reality-warping challenges. After a series of unexpectedly terrifying moments, she realizes she’s no longer playing for the money but for her life.",2022-04-15,27|53|878,6.2382,5.241,906,en
820609,No One Will Save You,A lonely woman battles extraterrestrials who threaten her future while forcing her to face her past.,2023-09-21,27|878,12.194,6.701,1625,en
306947,The Invitation,"Will and his new girlfriend Kira are invited to a dinner with old friends at the house of Will’s ex Eden and her new partner David. Although the evening appears to be relaxed, Will soon gets a creeping suspicion that their charming host David is up to something.",2016-04-08,53|27,5.8655,6.42,2972,en
827931,Time Cut,"A teen in 2024 accidentally time-travels to 2003, days before a masked killer murders her sister. Can she change the past without destroying the future?",2024-10-29,27|878|53,8.1169,5.6,637,en
931628,A Sacrifice,"American social psychologist Ben Monroe investigates a local cult connected to a disturbing event. While he immerses himself into his work, his rebellious teenage daughter, Mazzy, gets involved with a mysterious local boy, who introduces her to the city’s underground party scene. As these two worlds head towards an intersection, Mazzy finds herself in great danger and Ben will need to race against the clock to save her.",2024-06-28,53|27,6.0773,5.5,156,en
782760,COVID-21: Lethal Virus,"The climate change has released an ancient rabies virus trapped in the Antarctica ice. A female scientist tries to get to the laboratory to create a cure to save the world, protected by an eccentric and two members of the special forces.",2021-01-07,878|53|27,2.1811,5.462,238,en
707408,Rent-A-Pal,"Set in 1990, a lonely bachelor named David searches for an escape from the day-to-day drudgery of caring for his aging mother.  While seeking a partner through a video dating service, he discovers a strange VHS tape called Rent-A-Pal. Hosted by the charming and charismatic Andy, the tape offers him much-needed company, compassion, and friendship. But Andy's friendship comes at a cost, and David desperately struggles to afford the price of admission.",2020-10-10,27|53,1.9118,6.496,138,en
616820,Halloween Ends,"Four years after the events of Halloween in 2018, Laurie has decided to liberate herself from fear and rage and embrace life. But when a young man is accused of killing a boy he was babysitting, it ignites a cascade of violence and terror that will force Laurie to finally confront the evil she can’t control, once and for all.",2022-10-12,27|53,17.8645,6,2109,en
1006462,The Flood,A horde of giant hungry alligators is unleashed on a group of in-transit prisoners and their guards after a massive hurricane floods Louisiana.,2023-07-14,28|9648|53|27,4.8512,6.088,297,en
361159,Navy Seals vs. Zombies,"A team of highly skilled Navy SEALS find themselves embarking on the battle of their lives when they come face-to-face with the undead. After a deadly outbreak occurs in New Orleans, the SEALS must fight for their lives, and the city, against an army of zombies.",2016-03-18,27|28,2.7824,5.1,189,en
661950,Alone,"When an outbreak hits, Aidan barricades himself inside his apartment and starts rationing food. His complex is overrun by infected Screamers, and with the world falling apart into chaos, he is left completely alone fighting for his life.",2020-10-23,27|53|18,4.7853,5.787,214,en
443791,Underwater,"After an earthquake destroys their underwater station, six researchers must navigate two miles along the dangerous, unknown depths of the ocean floor to make it to safety in a race against time.",2020-01-08,27|878|28|12,11.977,6.3,3682,en
146301,Paranormal Activity: The Ghost Dimension,"Using a special camera that can see spirits, a family must protect their daughter from an evil entity with a sinister plan.",2015-10-21,27|53,6.7311,5.3,1517,en
409297,A Dark Song,A determined young woman and a damaged occultist risk their lives and souls to perform a dangerous ritual that will grant them what they want.,2016-07-08,27|14|9648,5.6894,6.331,606,en
339530,Tremors 5: Bloodlines,"When Gummer is hired to capture a deadly creature terrorizing South Africa, he and his new sidekick, Travis Welker, engage in another battle of survival against the fiercely aggressive Graboids.",2015-10-06,35|27|878,5.147,5.6,478,en
881487,The Visitor,"After a series of tragedies including the death of his father-in-law, Robert and his wife Maia leave their home in London to move back to her childhood home. But when Robert discovers an old portrait in the attic of a man who is his spitting image, he goes down a rabbit hole to discover the identity of this mysterious doppelganger known only as the visitor. It isn’t long until he realizes – where the visitor goes, death follows.",2022-10-07,27|9648,3.729,5.1,116,en
619730,Don't Worry Darling,"Alice and Jack are lucky to be living in the idealized community of Victory, the experimental company town housing the men who work for the top-secret Victory Project and their families. But when cracks in their idyllic life begin to appear, exposing flashes of something much more sinister lurking beneath the attractive façade, Alice can’t help questioning exactly what they’re doing in Victory, and why.",2022-09-21,878|9648|27|53,12.4737,6.8,3105,en
845783,Baghead,"Following the death of her estranged father, Iris learns she has inherited a run-down, centuries-old pub. She travels to Berlin to identify her father’s body and meet with The Solicitor to discuss the estate. Little does she know, when the deed is signed she will become inextricably tied to an unspeakable entity that resides in the pub’s basement – Baghead – a shape-shifting creature that can transform into the dead.",2023-12-28,27,6.491,6.482,581,en
463364,The Isle,1840 and another ship crashes on the rocks of an almost deserted island in Scotland. Three sailors survive the wreck and make it to shore where the few locals take them in as they wait for the mainland boat to come for them. But the sailors' survival story has only just started as they uncover the strange past of the once vibrant island.,2019-02-08,53|12|14|27,1.8707,4.8,102,en
333674,Intruders,"Anna suffers from agoraphobia so crippling that when a trio of criminals break into her house, she cannot bring herself to flee. But what the intruders don't realize is that agoraphobia is not her only psychosis.",2015-06-12,18|53|27,2.5064,5.887,529,en
533642,Child's Play,"Karen, a single mother, gifts her son Andy a Buddi doll for his birthday, unaware of its more sinister nature. A contemporary re-imagining of the 1988 horror classic.",2019-06-19,27,11.8061,5.959,2108,en
335866,Circle,"In a massive, mysterious chamber, fifty strangers awaken to find themselves trapped with no memory of how they got there.  Organized in an inward-facing circle and unable to move, they quickly learn that every two minutes, one of them must die…executed by a strange device in the center of the room.",2015-05-28,27|878|9648|53,3.8149,6,2182,en
441384,The Beach Bum,"An irreverent comedy about the misadventures of Moondog, a rebellious stoner and lovable rogue who lives large.",2019-03-21,35|18,6.0322,5.658,587,en
621587,Next Goal Wins,Dutch coach Thomas Rongen attempts the nearly impossible task of turning the American Samoa soccer team from perennial losers into winners.,2023-11-16,35,11.3605,6.4,616,en
411840,Surf's Up 2: WaveMania,"Cody, Chicken Joe and Lani are back in their most epic adventure yet! The most radical surfing dream team, The Hang Five puts Cody and his friends to the test and teaches them the meaning of teamwork as they journey to the most legendary surfing spot on the planet.",2017-01-26,16|10751|35,8.5847,5.9,309,en
635918,Dating Amber,"Eddie and Amber decide to stage a relationship in order to stop everyone speculating about their sexuality. Eddie is keen to follow his dad into the military, while Amber dreams of moving to the liberal hub of London. The plan seems solid, but as their arrangement begins to fall apart, Eddie’s denial gets deeper as Amber realizes that a perilous future awaits her best friend unless she intervenes.",2020-07-03,35|18|10749,3.7844,7,191,en
620897,The Forty-Year-Old Version,"Desperate for a breakthrough as she nears the big 4-0, struggling New York City playwright Radha finds inspiration by reinventing herself as a rapper.",2020-10-02,35|18|10402,2.8594,6.7,118,en
369192,Battle of the Sexes,The true story of the 1973 tennis match between world number one Billie Jean King and ex-champ and serial hustler Bobby Riggs.,2017-09-22,18|35|36,7.6441,6.7,1994,en
326423,Barbershop: The Next Cut,"To survive harsh economic times, Calvin and Angie have merged the barbershop and beauty salon into one business. The days of male bonding are gone as Eddie and the crew must now contend with sassy female co-workers and spirited clientele. As the battle of the sexes rages on, a different kind of conflict has taken over Chicago. Crime and gangs are on the rise, leaving Calvin worried about the fate of his son. Together, the friends come up with a bold plan to take back their beloved neighborhood.",2016-04-15,35|18,5.1751,6.3,516,en
731738,The Paper Tigers,Three middle aged men polish their martial arts skills to avenge their fallen master.,2020-08-30,28|35,3.0036,6.7,138,en
421471,Flower,"Rebellious, quick-witted Erica Vandross is a 17-year-old firecracker living with her single mom, Laurie, and her mom's new boyfriend, Bob, in L.A.'s San Fernando Valley. When Bob's mentally unbalanced son, Luke, arrives from rehab to live with the family, Erica finds her domestic and personal life overwhelmed. With Luke and her sidekicks Kala and Claudine in tow, Erica acts out by exposing a high school teacher's dark secret.",2017-03-16,35|18,3.347,6.308,286,en
309245,Mistress America,A college freshman cures her disappointment and loneliness by allowing herself to be pulled into the wacky schemes of her future stepsister.,2015-08-14,35,3.1395,6.5,610,en
527435,The Christmas Chronicles,"Siblings Kate and Teddy try to prove Santa Claus is real, but when they accidentally cause his sleigh to crash, they have to save Christmas.",2018-11-22,35|12|10751|14,7.1001,7.153,2446,en
342521,Keanu,Friends hatch a plot to retrieve a stolen cat by posing as drug dealers for a street gang.,2016-04-29,28|35|80,4.4258,6.034,1177,en
326094,Wiener-Dog,"A dachshund passes from oddball owner to oddball owner, whose radically dysfunctional lives are all impacted by the pooch.",2016-06-24,35|18,4.2375,5.613,238,en
360606,Adventures in Babysitting,"Two teen rival babysitters, Jenny and Lola, team up to hunt down one of their kids who accidentally ran away into the big city without any supervision.",2016-06-24,35|10751|12|10770,4.7082,7.2,448,en
326215,Ooops! Noah Is Gone...,"It's the end of the world. A flood is coming. Luckily for Dave and his son Finny, a couple of clumsy Nestrians, an Ark has been built to save all animals. But as it turns out, Nestrians aren't allowed. Sneaking on board with the involuntary help of Hazel and her daughter Leah, two Grymps, they think they're safe. Until the curious kids fall off the Ark. Now Finny and Leah struggle to survive the flood and hungry predators and attempt to reach the top of a mountain, while Dave and Hazel must put aside their differences, turn the Ark around and save their kids. It's definitely not going to be smooth sailing.",2015-03-26,16|12|35|10751,8.2245,6.4,353,en
257211,The Intern,"70-year-old widower Ben Whittaker has discovered that retirement isn't all it's cracked up to be. Seizing an opportunity to get back in the game, he becomes a senior intern at an online fashion site, founded and run by Jules Ostin.",2015-09-23,35,16.0131,7.226,7535,en
696000,Jerry Seinfeld: 23 Hours to Kill,"Jerry Seinfeld takes the stage in New York and tackles talking vs. texting, bad buffets vs. so-called ""great"" restaurants and the magic of Pop Tarts.",2020-05-05,35,1.4637,6.2,120,en
934761,A Perfect Pairing,"To land a major client, an LA wine exec travels to an Australian sheep station, where she signs on as a ranch hand and hits it off with a rugged local.",2022-05-19,35|10749,4.0677,6.8,612,en
532327,How High 2,"When two jobless friends discover a hidden weed bible and the ultimate bud, they think that they’ve got it made…with 'seed' money to start a new snack delivery app. But, when nearly all of their stash and weed bible are stolen, the two potpreneurs set off on an outrageous, mind-bending adventure through Atlanta to find them. Stoned with supernatural powers, they search 'high' and low, stopping at nothing to recover their ticket to starting a legit business.",2019-08-24,35|10770,2.9452,6.2,109,en
661374,Glass Onion: A Knives Out Mystery,World-famous detective Benoit Blanc heads to Greece to peel back the layers of a mystery surrounding a tech billionaire and his eclectic crew of friends.,2022-11-23,35|80|9648,17.6887,7.019,7247,en
434873,It Stains the Sands Red,"In the throes of a zombie apocalypse, a troubled woman from Las Vegas with a dark past finds herself stranded in the desert with a lone and ravenous zombie on her tail.",2016-10-08,35|27|18,3.1145,5.6,254,en
501989,Ode to Joy,"Charlie suffers from a serious disease that causes acute narcolepsy whenever he is happy. Although he develops a variety of techniques to deny himself pleasure and deal with his sleep issues, they’re put to the test when he falls in love.",2019-09-08,35|18|10749,4.179,6.1,141,en
333348,Love the Coopers,"When four generations of the Cooper clan come together for their annual Christmas Eve celebration, a series of unexpected visitors and unlikely events turn the night upside down, leading them all toward a surprising rediscovery of family bonds and the spirit of the holiday.",2015-11-12,35|10751|18,7.8497,6,880,en
1013154,Hard Truths,"Pansy is a woman so full of rage that every interaction she has devolves into lashing out, whether at her utterly cowed husband and son, or random strangers who have the temerity to address her. In contrast, her younger sister Chantelle lives with her two vivacious daughters and plies a successful trade as a hairdresser, putting clients at their ease all day long. Yet beneath Pansy’s abrasive exterior are hints of a more fragile psyche, one motivated by fear and damaged by repressed pain.",2024-12-06,18|35,5.0942,6.4,177,en
439058,Hey Arnold! The Jungle Movie,"When their trip to San Lorenzo takes a turn for the worst, Arnold and his classmate’s only hope of getting home is retracing the dangerous path that led to Arnold's parents' disappearance.",2018-04-26,10751|35|16|12|10770|14,4.8969,7.6,204,en
333675,Band of Robbers,"A comedic thriller that re-imagines Mark Twain's iconic literary characters of ""Huckleberry Finn"" and ""Tom Sawyer"" as grown men in current day.",2016-01-15,12|35|80|53,2.1036,5.9,134,en
324852,Despicable Me 3,Gru and his wife Lucy must stop former '80s child star Balthazar Bratt from achieving world domination.,2017-06-15,28|16|35|10751|12,23.1438,6.468,7823,en
748783,The Garfield Movie,"Garfield, the world-famous, Monday-hating, lasagna-loving indoor cat, is about to have a wild outdoor adventure! After an unexpected reunion with his long-lost father – scruffy street cat Vic – Garfield and his canine friend Odie are forced from their perfectly pampered life into joining Vic in a hilarious, high-stakes heist.",2024-04-30,12|16|35|10751,20.7786,6.9,1517,en
308266,War Dogs,"Based on the true story of two young men, David Packouz and Efraim Diveroli, who won a $300 million contract from the Pentagon to arm America's allies in Afghanistan.",2016-08-18,35|80|18,21.0228,6.95,5732,en
512196,Happy Death Day 2U,"Collegian Tree Gelbman wakes up in horror to learn that she's stuck in a parallel universe. Her boyfriend Carter is now with someone else, and her friends and fellow students seem to be completely different versions of themselves. When Tree discovers that Carter's roommate has been altering time, she finds herself once again the target of a masked killer. When the psychopath starts to go after her inner circle, Tree soon realizes that she must die over and over again to save everyone.",2019-02-13,35|27|878,11.6424,6.3,3755,en
353595,LEGO DC Comics Super Heroes: Justice League - Attack of the Legion of Doom!,"Crime is on the run as the newly formed Justice League keeps Metropolis safe and this makes evil genius Lex Luthor very unhappy. Together with Black Manta, Sinestro and a gang of ruthless recruits, Lex builds his own league and declares them the Legion of Doom. With this super powered team of terror and a plan to attack the top-secret government site, Area 52, can Lex finally be on the verge of victory? Sound the alarm and get ready for the bricks to fly when Superman, Batman, Wonder Woman and the rest of the Justice League face off against the world's greatest Super-Villains! It's the next all-new original movie from LEGO® and DC Comics.",2015-08-25,16|28|12|10751|35,4.4063,6.6,155,en
383498,Deadpool 2,Wisecracking mercenary Deadpool battles the evil and powerful Cable and other bad guys to save a boy's life.,2018-05-15,28|35|12,30.9305,7.488,19753,en
1053110,I Believe in Santa,Lisa thinks she's finally met the man of her dreams until she finds out he still believes in Santa Claus.,2022-12-14,10749|35,3.4629,5.281,155,en
749645,The Beta Test,"An engaged Hollywood agent receives a mysterious letter for an anonymous sexual encounter and becomes ensnared in a sinister world of lying, infidelity, and digital data.",2021-10-15,53|27|35,2.9575,6,251,en
676710,The Amazing Maurice,"Maurice is a streetwise ginger cat who comes up with a money-making scam by befriending a group of self-taught talking rats. When Maurice and the rodents meet a bookworm called Malicia, their little con soon goes down the drain.",2022-12-16,16|12|35|10751|14,11.1341,6.676,202,en
683287,Unbreakable Kimmy Schmidt: Kimmy vs. the Reverend,"It's an interactive Kimmy special! Kimmy's getting married, but first she has to foil the Reverend's evil plot. It's your move: What should she do next?",2020-05-12,35|10770,2.9108,6.4,173,en
414018,Damsel,"Oregon, a small town near the sea, around 1870. Henry, a grieving man who aspires to preach as a way to overcome his unfortunate past, reunites with eccentric pioneer Samuel Alabaster, who has hired him to officiate at his marriage to the precious Penelope. What Henry ignores is that both must embark on a dangerous journey through the inhospitable wilderness to meet her.",2018-06-22,37|18|35,3.6851,5.3,168,en
843543,Meet Cute,"A wildly inventive deconstruction of the romantic comedy built around the question: What would you do if you could travel to your loved ones’ past, heal their traumas, fix their problems, and change them into the perfect partner?",2022-09-21,35|10749|878,5.1293,5.849,332,en
505159,Chris Rock: Tamborine,"Chris Rock takes the stage for his first comedy special in 10 years, filled with searing observations on fatherhood, infidelity and American politics.",2018-02-14,35,2.3325,6.42,188,en
507143,Candy Jar,Dueling high school debate champs who are at odds on just about everything forge ahead with ambitious plans to get into the colleges of their dreams.,2018-04-27,35|18|10749,2.4028,6.12,490,en
413644,The Son of Bigfoot,"Teenage outsider Adam sets out on an epic and daring quest to uncover the mystery behind his long-lost dad, only to find out that he is none other than the legendary Bigfoot! He has been hiding deep in the forest for years to protect himself and his family from HairCo., a giant corporation eager to run scientific experiments with his special DNA. As father and son start making up for lost time after the boy's initial disbelief, Adam soon discovers that he too is gifted with superpowers beyond his imagination. But little do they know, HairCo. is on their tail as Adam's traces have led them to Bigfoot!",2017-07-26,10751|16|35|12|878,9.454,6.569,547,en
419479,The Babysitter,"When Cole stays up past his bedtime, he discovers that his hot babysitter is part of a Satanic cult that will stop at nothing to keep him quiet.",2017-10-13,35|27,8.1781,6.2,4020,en
718840,A Nice Girl Like You,"Lucy Neal is thrown for a loop when she is accused of being too inhibited by her ex-boyfriend. In an effort to prove him wrong, Lucy creates a rather wild to-do list that sends her on a whirlwind and surprising journey of self-discovery, friendship, and new love.",2020-07-18,35|10749,4.9162,5.9,400,en
375867,Paris Can Wait,"Anne is at a crossroads in her life. Long married to a successful, driven but inattentive movie producer, she unexpectedly finds herself taking a car trip from Cannes to Paris with Jacques, a business associate of her husband. What should be a seven-hour drive turns into a carefree two-day adventure replete with diversions involving picturesque sights, fine food and wine, humor, wisdom and romance - reawakening Anne's senses and giving her a new lust for life.",2016-09-12,35|18|10749,5.8414,5.9,249,en
507903,Spoiler Alert,"Journalist Michael Ausiello embarks on a rollercoaster ride of emotions when Kit Cowan, his partner of 14 years, is diagnosed with terminal cancer.",2022-12-02,10749|35|18,4.6822,7,184,en
366672,Paws of Fury: The Legend of Hank,"A hard-on-his-luck hound finds himself in a town full of cats in need of a hero to defend them from a ruthless villain's wicked plot to wipe their village off the map. With help from a reluctant mentor, our underdog must assume the role of town samurai and team up with the villagers to save the day.",2022-07-14,16|12|35|10751|28,8.8505,6.6,344,en
382748,Stargirl,"An unassuming high schooler finds himself inexplicably drawn to the free-spirited new girl, whose unconventional ways change how they see themselves…and their world.",2020-03-10,35|18|10749|10751,4.2504,7.4,577,en
529862,Brittany Runs a Marathon,"Hilarious and outgoing, Brittany Forgler, is everybody’s best friend ― except her own. Her partying, underemployment and toxic relationships are catching up with her. She receives a startling wake-up call when a visit to the doctor reveals how unhealthy she is. Motivated to lose weight, but too broke for a gym and too proud to ask for help, Brit is at a loss, until her neighbor pushes her to run one sweaty block. Soon, she sets an almost unthinkable goal: the New York City Marathon.",2019-08-23,35|18,3.5644,6.6,521,en
746419,Father of the Bride,"A father comes to grips with his daughter’s upcoming wedding through the prism of multiple relationships within a big, sprawling Cuban-American family.",2022-07-21,10749|35|18,6.2068,6.3,211,en
845781,Red One,"After Santa Claus (codename: Red One) is kidnapped, the North Pole's Head of Security must team up with the world's most infamous tracker in a globe-trotting, action-packed mission to save Christmas.",2024-10-31,28|12|35|14,27.9915,6.947,3189,en
458897,Charlie's Angels,"Elena Houghlin is a scientist, engineer and inventor of Calisto -- a sustainable energy source that will revolutionize the way people use power. It will be ready as soon as she works out the last issue, if not it could be turned into a dangerous weapon. But when the cutting edge technology is pushed to an investor before she can do that, Elena turns to the Townsend Agency for help. Now, it's up to the Angels -- Jane, Sabina, and the newly recruited Elena -- to retrieve Calisto before it can be transformed into a weapon of mass destruction.",2019-11-14,28|12|35,15.146,6.351,3221,en
913814,Brian and Charles,"An endearing outlier, Brian lives alone in a Welsh valley, inventing oddball contraptions that seldom work. After finding a discarded mannequin head, Brian gets an idea. Three days, a washing machine, and sundry spare parts later, he’s invented Charles, an artificially intelligent robot who learns English from a dictionary and proves a charming, cheeky companion. Before long, however, Charles also develops autonomy. Intrigued by the wider world — or whatever lies beyond the cottage where Brian has hidden him away — Charles craves adventure.",2022-06-17,35|18|878,2.7599,6.3,193,en
239573,Unfinished Business,"A hard-working small business owner and his two associates travel to Europe to close the most important deal of their lives.  But what began as a routine business trip goes off the rails in every imaginable – and unimaginable – way, including unplanned stops at a massive sex fetish event and a global economic summit.",2015-03-05,35,6.0228,5.445,898,en
552504,Zoo,A couple trying to save their marriage during a zombie apocalypse.,2018-10-05,35|18|27|10749,1.732,6.1,130,en
744594,White Noise,"Jack Gladney, professor of Hitler studies at The-College-on-the-Hill, husband to Babette, and father to four children/stepchildren, is torn asunder by a chemical spill from a rail car that releases an ""Airborne Toxic Event"" forcing Jack to confront his biggest fear - his own mortality.",2022-11-25,35|18,7.06,5.6,843,en
543540,The Perfect Date,"No beau? No problem! To earn money for college, a high schooler creates a dating app that lets him act as a stand-in boyfriend.",2019-04-12,10749|35,7.1477,6.427,3362,en
866413,You People,"A new couple and their families reckon with modern love amid culture clashes, societal expectations and generational differences.",2023-01-20,10749|35,6.2796,5.596,818,en
1192745,EXmas,"When Graham decides to surprise his family by traveling home for Christmas, he is shocked to discover them already celebrating with an unexpected guest of honor, his ex-fiancée, Ali. The two exes battle it out to see who the family will pick to stay through Christmas Day and who must go.",2023-11-17,10749|35|10770,2.2474,6.379,157,en
381040,My Blind Brother,Love for the same woman causes conflict between an over-achieving blind athlete and the brother who made him that way.,2016-09-19,35|18|10749,2.2091,5.9,111,en
346698,Barbie,"Barbie and Ken are having the time of their lives in the colorful and seemingly perfect world of Barbie Land. However, when they get a chance to go to the real world, they soon discover the joys and perils of living among humans.",2023-07-19,35|12|14,32.6632,6.9,11652,en
814800,Goodnight Mommy,"When twin brothers arrive home to find their mother’s demeanor altered and face covered in surgical bandages, they begin to suspect the woman beneath the gauze might not be their mother.",2022-09-16,27|53|9648,5.1708,6.3,587,en
1155089,Justice League: Crisis on Infinite Earths Part One,"Death is coming. Worse than death: oblivion. Not just for our Earth, but for everyone, everywhere, in every universe! Against this ultimate destruction, the mysterious Monitor has gathered the greatest team of Super Heroes ever assembled. But what can the combined might of Superman, Wonder Woman, Batman, The Flash, Green Lantern and hundreds of Super Heroes from multiple Earths even do to save all of reality from an unstoppable antimatter armageddon?!",2024-01-08,16|878|28,7.9887,7.2,437,en
1058638,Birth/Rebirth,A single mother and a childless morgue technician are bound together by their relationship to a little girl they have reanimated from the dead.,2023-08-18,18|27|9648,3.1215,6.473,201,en
333658,Seeds of Yesterday,"The Sheffield family reveal and go through some home truths as their middle child inherits the Foxworth mansion. The family's ghosts looming over, and more tragedies are in store as the curse lives on.",2015-04-12,10770|53|18,3.5618,6.4,119,en
309924,After the Ball,"After the Ball, a retail fairy tale set in the world of fashion. Kate's dream is to design for couturier houses. Although she is a bright new talent, Kate can't get a job. No one trusts the daughter of Lee Kassell, a retail guru who markets clothes ""inspired"" by the very designers Kate wants to work for. Who wants a spy among the sequins and stilettos? Reluctantly, Kate joins the family business where she must navigate around her duplicitous stepmother and two wicked stepsisters. But with the help of a prince of a guy in the shoe department her godmother's vintage clothes and a shocking switch of identities, Kate exposes the evil trio, saves her father's company -- and proves that everyone can wear a fabulous dress.",2015-02-27,35,4.0678,6.3,269,en
270010,A Hologram for the King,"Alan Clay, a struggling American businessman, travels to Saudi Arabia to sell a new technology to the King, only to be challenged by endless Middle Eastern bureaucracy, a perpetually absent monarch, and a suspicious growth on his back.",2016-04-22,35|18,5.5939,5.8,1258,en
339967,Colossal,A woman discovers that severe catastrophic events are somehow connected to the mental breakdown from which she's suffering.,2017-04-06,18|14|878,8.672,6.3,2354,en
586707,Life Like,"Sophie and James purchase a lifelike robot to cook and clean at their sprawling new home. At first, android Henry is quiet and hard-working. But as his artificial-intelligence programming kicks in, Henry starts to anticipate the couple’s needs and desires.",2019-11-21,53|878|18,5.0048,6.215,274,en
380808,Zero Days,"Alex Gibney explores the phenomenon of Stuxnet, a self-replicating computer virus discovered in 2010 by international IT experts. Evidently commissioned by the US and Israeli governments, this malware was designed to specifically sabotage Iran’s nuclear programme. However, the complex computer worm ended up not only infecting its intended target but also spreading uncontrollably.",2016-07-08,99,3.0955,7.371,271,en
331781,Amy,"A documentary on the life of Amy Winehouse, the immensely talented yet doomed songstress. We see her from her teen years, where she already showed her singing abilities, to her finding success and then her downward spiral into alcoholism and drugs.",2015-07-02,99|10402,3.9071,7.568,1338,en
1028703,The OctoGames,"Eight contestants compete in eight deadly, classic children's games. They seek fame beyond their wildest dreams, competing for the chance to take over the YouTube channel of the famous yet elusive masked content creator known only as ""JaxPro"".",2022-10-07,53|28|27,2.1172,5.27,137,en
464052,Wonder Woman 1984,A botched store robbery places Wonder Woman in a global battle against a powerful and mysterious ancient force that puts her powers in jeopardy.,2020-12-16,28|12|14,20.0541,6.345,9298,en
477462,The Twin,"Every parent's worst nightmare is just the beginning for Rachel's ordeal as in the aftermath of a tragic accident, she and her husband Anthony decide to move to the other side of the world to focus on their surviving twin son Elliot.  What begins as a time of healing and isolation in the Finnish countryside turns into a desperate battle for the very soul of their son as an entity claiming to be his dead twin brother takes over Elliot — setting Rachel on a diabolical journey to unravel the horrible truth about her twin son.",2022-04-06,27|9648,4.031,5.767,257,en
882598,Smile,"After witnessing a bizarre, traumatic incident involving a patient, Dr. Rose Cotter starts experiencing frightening occurrences that she can't explain.",2022-09-23,27|9648,19.2488,6.668,4300,en
447362,Life in a Year,"A 17 year old finds out that his girlfriend is dying, so he sets out to give her an entire life, in the last year she has left.",2020-11-27,18|10749,7.7297,8.223,2011,en
368596,Back in the Day,A young boxer is taken under the wing of a mob boss after his mother dies and his father is run out of town for being an abusive alcoholic.,2016-05-20,18,2.2887,3,116,en
979275,Mob Land,"A sheriff tries to keep the peace when a desperate family man violently robs a pill mill with his brother-in-law, alerting an enforcer for the New Orleans mafia.",2023-08-04,28|80|53,5.0942,5.5,100,en
201085,Crimson Peak,"In the aftermath of a family tragedy, an aspiring author is torn between love for her childhood friend and the temptation of a mysterious outsider. Trying to escape the ghosts of her past, she is swept away to a house that breathes, bleeds… and remembers.",2015-10-13,27|9648|10749|18|53,16.3679,6.7,5374,en
606234,Archive,"2038: George Almore is working on a true human-equivalent AI, and his latest prototype is almost ready. This sensitive phase is also the riskiest as he has a goal that must be hidden at all costs—being reunited with his dead wife.",2020-08-13,878|18|53,7.2711,6.391,882,en
515001,Jojo Rabbit,"Jojo, a lonely German boy during World War II has his world shaken when he learns that his single mother is hiding a Jewish girl in their home. Influenced by a buffoonish imaginary version of Adolf Hitler, he begins to question his beliefs and confront the conflict between propaganda and his own humanity.",2019-10-18,35|10752|18,17.0633,7.973,10753,en
501630,Summer '03,"16-year-old Jamie Winkle and her extended family are left reeling after her calculating grandmother unveils an array of secrets on her deathbed. As her family deals with her grandmother's surprising dying messages, Jamie sets out to make the most of her summer and explores her sexuality.",2018-09-28,35|10749,3.7427,5.84,228,en
597316,My Little Pony: A New Generation,"Equestria's divided. But a bright-eyed hero believes Earth Ponies, Pegasi and Unicorns should be pals — and, hoof to heart, she’s determined to prove it.",2021-09-22,16|10751|14|35|12,7.1069,7.6,356,en
419835,Crooked House,"A private investigator helps a former flame solve the murder of her wealthy grandfather, who lived in a sprawling estate surrounded by his idiosyncratic family.",2017-09-06,9648|80|53,10.6937,6.4,1022,en
309063,The Ouija Experiment 2: Theatre of Death,"A fun filled weekend turns deadly when a group of unsuspecting theatre goers are trapped inside, after a ravenous spirit is resurrected and released from a Ouija board. They must confront their most terrifying fears and destroy the spirit before it finds and kills them first.",2015-01-13,27,1.9963,4.7,105,en
723347,Robots,"A womanizer and a gold digger trick people into relationships with illegal robot doubles. When they unwittingly use this scam on each other, their robot doubles fall in love and elope, forcing the duo to team up to hunt them down before the authorities discover their secret.",2023-04-26,35|878|10749|14,4.6858,5.526,273,en
1022964,Candy Cane Lane,"Determined to win the neighborhood's annual Christmas decorating contest, family man Chris makes a pact with an elf to help him out-do the competition. However, the elf casts a spell bringing the twelve days of Christmas to life, unleashing chaos on the small unsuspecting town.",2023-11-29,35|14|10751,10.7631,6,517,en
682110,My Octopus Teacher,"After years of swimming every day in the freezing ocean at the tip of Africa, Craig Foster meets an unlikely teacher: a young octopus who displays remarkable curiosity. Visiting her den and tracking her movements for months on end he eventually wins the animal’s trust and they develop a never-before-seen bond between human and wild animal.",2020-09-04,99,4.7135,7.891,1094,en
934433,Scream VI,"Following the latest Ghostface killings, the four survivors leave Woodsboro behind and start a fresh chapter.",2023-03-08,27|53|80,29.5157,6.913,3360,en
426238,Beach Rats,"On the outskirts of Brooklyn, Frankie, an aimless teenager, suffocates under the oppressive glare cast by his family and a toxic group of delinquent friends. Struggling with his own identity, Frankie begins to scour hookup sites for older men.",2017-08-25,18|10749,3.0894,6.104,609,en
779057,The Survivalist,"A year and a half after the fall of civilization from a virus outbreak, a former FBI agent is forced to protect a young woman, who is immune to the disease, from a dangerous gang hunting her led by a psychopath who believes he’s going to use her to save the world.",2021-12-02,28|878|53,3.6794,4.4,107,en
262982,The Hollow Point,"Los Reyes County, Arizona. Leland, a retired lawman, works with Wallace, the new sheriff who replaces him, when a vicious hit man, sent by a Mexican drug cartel, threatens their border small town.",2016-12-16,28|18|53|80|37|12|9648,2.843,5.7,209,en
298582,Full Out,"Based on the true life story of California gymnast Ariana Berlin. As she zoned in on her Olympic goals, 14 year old Ariana Berlin's life took a sharp turn when she was involved in a debilitating car accident. Gaining her confidence and movement back through learning hip hop dance, she unexpectedly found herself called back to the gymnastics world thanks to world renowned UCLA Coach Valorie Kondos Field. With Val's help, Ariana was eventually able to secure a spot on the UCLA gymnastics team and win an NCAA championship, a lifelong goal that she had always dreamed of. This is a wonderfully inspiring story of persistence, confidence, and the heart and courage to make a somewhat impossible comeback in life.",2015-09-11,36|18|10751,2.4201,7.2,349,en
274167,Daddy's Home,"The story of a mild-mannered radio executive who strives to become the best stepdad ever to his wife's two children, but complications ensue when their freewheeling, freeloading real father arrives, forcing stepdad to compete for the affection of the kids.",2015-12-25,35,14.7973,6.297,3532,en
395883,Andron,"A group of people are plunged into a dark, claustrophobic maze, where they must fight to survive, as the outside world watches.",2015-11-08,28|878,2.5642,3.633,154,en
153518,The Angry Birds Movie,"An island populated entirely by happy, flightless birds or almost entirely. In this paradise, Red, a bird with a temper problem, speedy Chuck, and the volatile Bomb have always been outsiders. But when the island is visited by mysterious green piggies, it’s up to these unlikely outcasts to figure out what the pigs are up to.",2016-05-11,16|12|35|10751,17.4308,6.3,4154,en
567738,American Hangman,"An unidentified man posts a live feed on social media showing that he has kidnapped two strangers and intends to kill one before the day is out. His intention is to hold a capital 'trial' online. As the authorities recognize what's happening, it becomes apparent that the online public is going to act as judge and jury.",2019-01-04,53,3.5548,6,167,en
278247,Walt Before Mickey,"Based on the book ""Walt Before Mickey"" covers the early years of Walt Disney's career. The legendary Walt Disney had a tumultuous childhood, yet he was determined to overcome obstacles in his path, before the creation of his first iconic character: Mickey Mouse.",2015-08-05,18,2.4296,6.4,248,en
376581,Amateur Night,"Guy Carter, an insecure expectant father unable to find work in his field, accepts a job driving hookers around Los Angeles. One long and crazy evening proves to our hero that he is, in fact, up to the task of fatherhood.",2016-08-12,35,3.6445,5.527,205,en
1209288,Justice League: Crisis on Infinite Earths Part Two,"An endless army of shadow demons bent on the destruction of all reality swarms over our world and all parallel Earths! The only thing opposing them is the mightiest team of metahumans ever assembled. But not even the combined power of Superman, Batman, Wonder Woman, Green Lantern and all their fellow superheroes can slow down the onslaught of this invincible horde. What mysterious force is driving them? And how do the long-buried secrets of the Monitor and Supergirl threaten to crush our last defense?",2024-04-22,16|878|28,7.0185,6.7,309,en
334521,Free Fire,"Set in Boston in 1978, a meeting in a deserted warehouse between two gangs turns into a shoot-out and a game of survival.",2017-03-31,28|80|9648,6.3309,6.2,1274,en
848886,Hellbender,"A teen and her mother live simply in a home in the woods, spending their time making rock music. A chance encounter with a fellow teen causes her to uncover a connection between her family and witchcraft, which causes a rift with her mother.",2021-09-28,27,2.7437,5.6,151,en
814757,Empire of Light,"The duty manager of a seaside cinema, who is struggling with her mental health, forms a relationship with a new employee on the south coast of England in the 1980s.",2022-12-09,18|10749,8.5355,6.613,650,en
572400,Don't Tell a Soul,"Two thieving teenage brothers, stealing money to help their sick mom, match wits with a troubled security guard stuck at the bottom of a forgotten well.",2020-09-08,53,4.5794,6.568,214,en
306943,The Outcasts,"After falling victim to a humiliating prank by the high school Queen Bee, best friends and world-class geeks, Mindy and Jodi, decide to get their revenge by uniting the outcasts of the school against her and her circle of friends.",2017-04-14,35,3.8708,6.12,512,en
913673,Nefarious,"On the day of his scheduled execution, a convicted serial killer gets a psychiatric evaluation during which he claims he is a demon, and further claims that before their time is over, the psychiatrist will commit three murders of his own.",2023-04-14,27|18,4.922,6.718,553,en
597156,The Boys in the Band,"At a birthday party in 1968 New York, a surprise guest and a drunken game leave seven gay friends reckoning with unspoken feelings and buried truths.",2020-09-30,18,3.3758,6.762,467,en
877817,Wolfs,"Hired to cover up a high-profile crime, a fixer soon finds his night spiralling out of control when he's forced to work with an unexpected counterpart.",2024-09-20,80|35,11.243,6.5,1595,en
647250,The Machine,"Bert Kreischer faces a familial crisis and the arrival of his estranged father when the ghost of his booze-soaked past arrives: a murderous mobster hellbent on kidnapping Bert back to the motherland to atone for his crimes. Together, he and his father must retrace the steps of his younger self in the midst of a war between a sociopathic crime family while they attempt to find common ground.",2023-05-25,35|28|80,7.8822,5.749,229,en
312793,The Walking Deceased,"A group of survivors from all walks of the apocalypse – an idiotic Sheriff with definite coma-induced brain damage, his hardass son and a hobo with only a crossbow to stave off the walking dead, four squabbling friends forced to survive this zombieland together, and a lonely zombie who just needs love to fully regain his warm body – leave their once-safe mall hideout in search of the rumored Safe Haven Ranch, a refuge untouched by the zombie virus that has ravaged humanity.",2015-03-20,35|27,2.4885,5.1,196,en
346671,Little Evil,"Gary, who has just married Samantha, the woman of his dreams, discovers that her six-year-old son may be the Antichrist.",2017-08-08,27|35,3.9616,5.567,1009,en
268920,Hot Pursuit,"Straight-arrow policewoman Cooper is excited and thrilled about her next assignment. Her task is to escort Daniella Riva, a wisecracking Colombian beauty, from San Antonio to Dallas so both she and her husband can testify against a drug lord. Plans go awry when Mr. Riva gets ambushed, leaving Daniella a widow. Cooper and her witness must now use their wits to escape from crooked cops and murderous gunmen, while not killing each other in the process.",2015-05-08,28|35,9.1631,5.743,1771,en
435615,Possessor,"Tasya Vos, an elite corporate assassin, uses brain-implant technology to take control of other people’s bodies to terminate high profile targets. As she sinks deeper into her latest assignment, Vos becomes trapped inside a mind that threatens to obliterate her.",2020-10-02,27|53|878,6.5602,6.36,1120,en
311324,The Great Wall,European mercenaries searching for black powder become embroiled in the defense of the Great Wall of China against a horde of monstrous creatures.,2016-12-16,28|12|14,18.4152,6.036,5699,en
414453,Columbus,"When a renowned architecture scholar falls suddenly ill during a speaking tour, his son Jin finds himself stranded in Columbus, Indiana - a small Midwestern city celebrated for its many significant modernist buildings. Jin strikes up a friendship with Casey, a young architecture enthusiast who works at the local library.",2017-08-04,18,3.3903,7.1,512,en
714011,After Love,"Set in the port town of Dover in the South-East of England, Mary Hussain suddenly finds herself a widow following the unexpected death of her husband. A day after the burial, she discovers he has a secret just twenty-one miles across the English Channel in Calais.",2021-06-04,18,2.9332,7.1,161,en
958196,Inside,"An art thief trapped in a New York penthouse after his heist doesn't go as planned. Locked inside with nothing but priceless works of art, he must use all his cunning and invention to survive.",2023-03-09,53|18,4.6398,5.675,565,en
358895,Being Charlie,"Charlie is a troublesome 18-year-old who breaks out of a youth drug treatment clinic, but when he returns home to Los Angeles, he's given an intervention by his parents and forced to go to an adult rehab. There, he meets a beautiful but troubled girl, Eva, and is forced to battle with drugs, elusive love and divided parents.",2016-05-06,18|10749,3.3279,6.145,179,en
431093,Everybody Loves Somebody,"On the surface, Clara Barron seems to have it all: a job as an OB-GYN; a great house in LA; and a loving family. But, the one thing Clara doesn't have figured out is her love life. Pressured by a family wedding in Mexico, Clara asks a co-worker to pose as her boyfriend for the weekend festivities,- only to be caught by surprise when her ex- boyfriend (and family favorite) suddenly shows up after disappearing from her life completely. Torn, Clara must decide between going back to the past or open her heart to new and unexpected possibilities.",2017-02-10,10749|35,1.8377,6.5,175,en
395993,Stronger,A victim of the Boston Marathon bombing in 2013 helps the police track down the killers while struggling to recover from devastating trauma.,2017-09-22,18,4.7486,6.961,1595,en
394537,The Pirates of Somalia,"After an inspiring chance encounter with his idol, rookie journalist Jay Bahadur uproots his life and moves to Somalia looking for the story of a lifetime. Hooking up with a local fixer, he attempts to get embedded with the local Somali pirates, only to quickly find himself in over his head.",2017-12-08,18,4.6175,6.8,266,en
354110,Forsaken,"John Henry returns to his hometown in hopes of repairing his relationship with his estranged father, but a local gang is terrorizing the town. John Henry is the only one who can stop them, however he has abandoned both his gun and reputation as a fearless quick-draw killer.",2015-09-16,37,4.6354,6.209,395,en
449985,Triple Threat,"A crime syndicate places a hit on a billionaire's daughter, making her the target of an elite assassin squad. A small band of down-and-out mercenaries protects her, fighting tooth and nail to stop the assassins from reaching their target.",2019-03-19,53|28,7.8758,6.4,668,en
492565,The Kid,"New Mexico Territory, 1880. Rio Cutler and his older sister Sara must abandon their home after an unfortunate event happens. In their desperate flee to Santa Fe, they cross paths with the infamous outlaw Billy the Kid and his gang, who are ruthlessly pursued by a posse led by Sheriff Pat Garret.",2019-03-08,37|18|28,4.6083,6,337,en
376134,The Discovery,"In the near future, due to a breakthrough scientific discovery by Dr. Thomas Harbor, there is now definitive proof of an afterlife. While countless people have chosen suicide to reset their existence, others try to decide what it all means. Among them is Dr. Harbor's son Will, who has arrived at his father's isolated compound with a mysterious young woman named Isla. There, they discover the strange acolytes who help Dr. Harbor with his experiments.",2017-03-31,18|10749|878|53|9648,4.6172,6.255,1475,en
621870,Secret Society of Second-Born Royals,"Sam is a teenage royal rebel, second in line to the throne of the kingdom of Illyria. Just as her disinterest in the royal way of life is at an all-time high, she discovers she has super-human abilities and is invited to join a secret society of similar extraordinary second-born royals charged with keeping the world safe.",2020-09-25,28|12|35|14,6.726,6.6,576,en
382399,High Strung,"When a hip hop violinist busking in the New York subway encounters a classical dancer on scholarship at the Manhattan Conservatory of the Arts, sparks fly. With the help of a hip hop dance crew they must find a common ground while preparing for a competition that could change their lives forever.",2016-04-08,10402|10749|18,4.4271,7.036,943,en
1061117,The Hatchet Wielding Hitchhiker,"After Kai saves a woman's life, he turns into an overnight hero and viral sensation — until disturbing truths about his erratic behavior come to light. This shocking documentary chronicles a happy-go-lucky nomad's ascent to viral stardom and the resulting steep downward spiral.",2023-01-10,80|99,2.1326,6.169,172,en
1003580,Legion of Super-Heroes,"Kara, devastated by the loss of Krypton, struggles to adjust to her new life on Earth. Her cousin, Superman, mentors her and suggests she leave their space-time to attend the Legion Academy in the 31st century, where she makes new friends and a new enemy: Brainiac 5. Meanwhile, she must contend with a mysterious group called the Dark Circle as it searches for a powerful weapon held in the Academy’s vault.",2023-02-07,16|878|28,5.8692,6.4,234,en
510388,Villains,"When their car breaks down, a couple on the run headed southbound for a fresh start in the Sunshine State break into a nearby house looking for a new set of wheels. What they find instead is a dark secret, and a sweet-as-pie pair of homeowners who will do anything to keep it from getting out.",2019-09-20,35|27|53,4.8344,6.2,508,en
391710,A Futile and Stupid Gesture,"In a life full of triumph and failure, ""National Lampoon"" co-founder Doug Kenney built a comedy empire, molding pop culture in the 1970s.",2018-01-24,35|18,3.1114,6.451,386,en
768520,A California Christmas,"With his carefree lifestyle on the line, a wealthy charmer poses as a ranch hand to get a hardworking farmer to sell her family’s land before Christmas.",2020-12-14,35|10749|18,2.4454,6.4,379,en
294016,Trumbo,The career of screenwriter Dalton Trumbo is halted by a witch hunt in the late 1940s when he defies the anti-communist HUAC committee and is blacklisted.,2015-10-27,18,4.5412,7.171,1730,en
354912,Coco,"Despite his family’s baffling generations-old ban on music, Miguel dreams of becoming an accomplished musician like his idol, Ernesto de la Cruz. Desperate to prove his talent, Miguel finds himself in the stunning and colorful Land of the Dead following a mysterious chain of events. Along the way, he meets charming trickster Hector, and together, they set off on an extraordinary journey to unlock the real story behind Miguel's family history.",2017-10-27,10751|16|10402|12,53.6105,8.199,21500,en
352890,Morris from America,"13-year-old Morris Gentry has just relocated with his single father, Curtis to Heidelberg, Germany. Morris, who fancies himself the next Notorious B.I.G., is a complete fish-out-of-water—a budding hip-hop star in an EDM world. To complicate matters further, Morris quickly falls hard for his cool, rebellious, 15-year-old classmate Katrin. Morris sets out against all odds to take the hip-hop world by storm and win the girl of his dreams.",2016-08-19,18|10749,1.9639,6.2,120,en
416153,Arctic Dogs,Animals band together to save the day when the evil Otto Von Walrus hatches a sinister scheme to accelerate global warming and melt the Arctic Circle.,2019-11-01,16|12|35,9.2449,6,145,en
407559,I Am the Pretty Thing That Lives in the House,A young nurse takes care of an elderly author who lives in a haunted house.,2016-09-10,27|9648,2.9156,4.606,640,en
587693,A Christmas Prince: The Royal Baby,"Christmas brings the ultimate gift to Aldovia: a royal baby. But first, Queen Amber must help her family and kingdom by finding a missing peace treaty.",2019-12-05,10749|10751|10770,3.0408,6.264,573,en
488223,Dave Chappelle: Equanimity,"Comedy legend Dave Chappelle returns to his roots with an all-new stand-up special filmed at the Warner Theatre in Washington, D.C.",2017-12-31,35,1.3747,7.5,267,en
474051,Calibre,Two lifelong friends head up to an isolated Scottish Highlands village for a weekend hunting trip that descends into a never-ending nightmare as they attempt to cover up a horrific hunting accident.,2018-06-22,53|18,3.3192,6.475,824,en
323272,War Room,"The family-friendly movie explores the transformational role prayer plays in the lives of the Jordan family. Tony and Elizabeth Jordan, a middle-class couple who seemingly have it all – great jobs, a beautiful daughter, their dream home. But appearances can be deceiving. In reality, the Jordan’s marriage has become a war zone and their daughter is collateral damage. With the help of Miss Clara, an older, wiser woman, Elizabeth discovers she can start fighting for her family instead of against them. Through a newly energized faith, Elizabeth and Tony’s real enemy doesn’t have a prayer.",2015-08-28,18,5.2091,7.867,607,en
371449,Other People,"David, a struggling comedy writer fresh off from breaking up with his boyfriend, moves from New York City to Sacramento to help his sick mother. Living with his conservative father and much-younger sisters for the first time in ten years, he feels like a stranger in his childhood home. As his mother’s health declines, David frantically tries to extract meaning from this horrible experience and convince everyone (including himself) that he's ""doing okay.”",2016-09-09,35|18,3.4007,6.4,228,en
942199,Simulant,"Faye attempts to replace her newly deceased husband, Evan, with an android simulant (SIM). Although SIM Evan appears like human Evan in every way, Faye does not feel the same love for SIM Evan as it does for her. SIM Evan tries to win Faye back while at the same time being on-the-run from a government agent chasing down SIMs who have become “conscious” and could potentially be a threat to humankind.",2023-03-29,878|53,4.9456,5.914,268,en
635237,Arthur & Merlin: Knights of Camelot,King Arthur returns home after fighting the Roman Empire. His illegitimate son has corrupted the throne of Camelot and King Arthur must reunite with the wizard Merlin and the Knights of the Round Table to fight to get back his crown.,2020-05-28,12|36|28,5.421,5.2,138,en
466876,Gnome Alone,"When Chloe discovers that her new home's garden gnomes are not what they seem, she must decide between the pursuit of a desired high school life and taking up the fight against the Troggs.",2017-11-02,16|10751|12|35|14,8.795,6.1,273,en
512895,Lady and the Tramp,"The love story between a pampered Cocker Spaniel named Lady and a streetwise mongrel named Tramp. Lady finds herself out on the street after her owners have a baby and is saved from a pack by Tramp, who tries to show her to live her life footloose and collar-free.",2019-11-12,10751|10749|35,10.3134,7.156,1667,en
740903,The Unhealer,"A botched faith healing bestows supernatural Shaman powers on a bullied teenager. When his lifelong tormentors pull a prank that kills someone he loves, he uses his powers for revenge and goes on a bloody rampage to settle the score.",2021-12-02,14|53|27,5.8211,5.8,110,en
890215,You Hurt My Feelings,A novelist's longstanding marriage is suddenly upended when she overhears her husband giving his honest reaction to her latest book.,2023-05-26,18|35|10749,7.1711,6.288,198,en
653601,Horse Girl,"A socially awkward woman with a fondness for arts and crafts, horses, and supernatural crime shows finds her increasingly lucid dreams trickling into her waking life.",2020-01-27,18,4.2081,5.671,621,en
704239,The Union,A New Jersey construction worker goes from regular guy to aspiring spy when his long-lost high school sweetheart recruits him for an espionage mission.,2024-08-15,28|35,9.8291,6.043,1237,en
893723,PAW Patrol: The Mighty Movie,"A magical meteor crash lands in Adventure City and gives the PAW Patrol pups superpowers, transforming them into The Mighty Pups.",2023-09-21,12|16|35|10751|878,31.0003,7,600,en
547016,The Old Guard,Four undying warriors who've secretly protected humanity for centuries become targeted for their mysterious powers just as they discover a new immortal.,2020-07-09,28|14,12.1774,7.083,4992,en
377448,The Rocky Horror Picture Show: Let's Do the Time Warp Again,"After getting a flat tire in the middle of nowhere, newly engaged couple Brad and Janet encounter the eerie mansion of the flamboyant, seductive Dr. Frank-N-Furter and a variety of eccentric characters. Through elaborate dance and rock music, the mad scientist unveils his latest creation: a perfect, muscular man.",2016-10-20,10770|35|878|14|27,3.1922,5.1,215,en
1082063,Amelia’s Children,"When Edward’s search for his biological family leads him and his girlfriend Ryley to a magnificent villa high in the mountains of Northern Portugal, he is full of excitement at meeting his long-lost mother and twin brother. Finally, he will discover who he is and where he comes from. But nothing is as it seems, and Edward will soon learn that he is linked to them by a monstrous secret.",2024-01-18,27|9648,3.3011,6,165,en
351044,Welcome to Marwen,"When a devastating attack shatters Mark Hogancamp and wipes away all memories, no one expected recovery. Putting together pieces from his old and new life, Mark meticulously creates a wondrous town named Marwen where he can heal and be heroic. As he builds an astonishing art installation — a testament to the most powerful women he knows — through his fantasy world, he draws strength to triumph in the real one.",2018-12-21,18|35,5.6797,6.5,1234,en
1017633,How to Date Billy Walsh,"Archie has been in love with his best friend Amelia for as long as he can remember. Just when he builds up the courage to declare his feelings, she falls head over heels for Billy Walsh, a new American transfer student.",2024-04-04,10749|35,5.9185,6.4,200,en
499338,I Believe,A 9 year old boy experiences God's power in a supernatural way.,2019-06-06,10751|18,2.2874,7.794,165,en
311667,Manhattan Night,"Porter Wren is a Manhattan tabloid writer with an appetite for scandal. On the beat he sells murder, tragedy, and anything that passes for the truth. At home, he is a dedicated husband and father. But when Caroline, a seductive stranger asks him to dig into the unsolved murder of her filmmaker husband Simon, he is drawn into a very nasty case of sexual obsession and blackmail--one that threatens his job, his marriage, and his life.",2016-05-20,18|9648|53,7.3974,5.934,432,en
341174,Fifty Shades Darker,"When a wounded Christian Grey tries to entice a cautious Ana Steele back into his life, she demands a new arrangement before she will give him another chance. As the two begin to build trust and find stability, shadowy figures from Christian’s past start to circle the couple, determined to destroy their hopes for a future together.",2017-02-08,18|10749,13.3642,6.468,8022,en
395841,Hold the Dark,"In the grim Alaskan winter, a naturalist hunts for wolves blamed for killing a local boy, but he soon finds himself swept into a chilling mystery.",2018-09-22,53|9648|80,5.9045,5.442,1082,en
615677,We Can Be Heroes,"When alien invaders capture Earth's superheroes, their kids must learn to work together to save their parents - and the planet.",2020-12-25,10751|28|14|35,9.6581,5.9,834,en
354251,Southbound,"The film contains five stories set on desolate stretches of a desert highway. Two men on the run from their past, a band on its way to a gig, a man struggling to get home, a brother in search of his long-lost sister and a family on vacation are forced to confront their worst fears and darkest secrets in these interwoven tales.",2015-09-17,14|53|27|878,7.0918,5.905,714,en
425931,The Black Room,Paul and Jennifer Hemdale have just moved into their dream house. But their happy marriage is about to be put to the test as they slowly discover the secret behind the black room in the cellar. Something else is already living in their new home and it is growing stronger every day.,2017-04-28,35|27,3.0978,3.785,181,en
300654,Wildlike,"Fourteen-year-old Mackenzie is sent to live with her uncle in Juneau when her mother can’t care for her anymore. The living situation quickly takes a turn for the worse, and she runs away to rejoin her mother in Seattle. While on her dangerous journey of sleeping in cars and breaking into hotel rooms, she’s drawn to Rene, a lonesome backpacker looking for tranquility in the wilderness.",2015-09-25,12|18|53,2.1963,6.2,126,en
998846,Back to Black,"The extraordinary story of Amy Winehouse’s early rise to fame from her early days in Camden through the making of her groundbreaking album, Back to Black that catapulted Winehouse to global fame. Told through Amy’s eyes and inspired by her deeply personal lyrics, the film explores and embraces the many layers of the iconic artist and the tumultuous love story at the center of one of the most legendary albums of all time.",2024-04-11,10402|36|18,7.3172,6.655,756,en
567598,Greed,A retail billionaire's 60th birthday party is celebrated in an exclusive hotel on the Greek island of Mykonos.,2019-09-07,35|18,3.886,5.59,177,en
583081,Warning,"Loneliness, death and the meaning of life, explored through vastly separate lives colliding in interweaving short stories set in future Earth.",2021-10-22,878,3.0467,4.773,141,en
330544,Bessie,"The story of legendary blues performer, Bessie Smith, who rose to fame during the 1920s and '30s.",2015-05-16,18|10402|10770,1.9636,6.4,133,en
335983,Venom,"Investigative journalist Eddie Brock attempts a comeback following a scandal, but accidentally becomes the host of Venom, a violent, super powerful alien symbiote. Soon, he must rely on his newfound powers to protect the world from a shadowy organization looking for a symbiote of their own.",2018-09-28,878|28,23.1605,6.8,17672,en
854467,Indemnity,"An ex-fireman with PTSD goes on the run when accused of a crime he doesn't even remember committing, leading him down a rabbit hole of conspiracy to the highest degree.",2022-02-11,28|53|80,2.976,6.6,102,en
525946,Troop Zero,"In rural 1977 Georgia, a misfit girl dreams of life in outer space. When a national competition offers her a chance at her dream, to be recorded on NASA’s Golden Record, she recruits a makeshift troupe of Birdie Scouts, forging friendships that last a lifetime and beyond.",2019-02-01,35|18|10751,3.2285,7,315,en
347026,A United Kingdom,"The inspiring true story of Seretse Khama, the King of Bechuanaland (modern Botswana), and Ruth Williams, the London office worker he married in 1948 in the face of fierce opposition from their families and the British and South African governments. Seretse and Ruth defied family, Apartheid and empire - their love triumphed over every obstacle flung in their path and in so doing they transformed their nation and inspired the world.",2016-11-25,18|36,3.9183,6.6,555,en
528502,Aporia,"Since losing her husband, Sophie has struggled to manage grief, a full-time job, and parenting her devastated daughter, but when a former physicist reveals a secret time-bending machine, Sophie will be faced with an impossible choice.",2023-08-11,878|18,2.1336,6.1,113,en
283596,The Legend of Barney Thomson,"Barney Thomson, awkward, diffident, Glasgow barber, lives a life of desperate mediocrity and his uninteresting life is about to go from 0 to 60 in five seconds, as he enters the grotesque and comically absurd world of the serial killer.",2015-07-24,35|18,3.1652,6.097,212,en
500919,211,"Inspired by one of the longest and bloodiest real-life events in police history, Officer Mike Chandler and a young civilian passenger find themselves under-prepared and outgunned when fate puts them squarely in the crosshairs of a daring bank heist in progress by a fearless team of highly-trained and heavily-armed men.",2018-05-30,80|28|53,5.4785,5.247,512,en
627725,The Banker,"In the 1960s, two entrepreneurs hatch an ingenious business plan to fight for housing integration—and equal access to the American Dream.",2020-03-06,18,18.6378,7.6,1166,en
1181548,Heart of the Hunter,A retired assassin is pulled back into action when his friend uncovers a dangerous conspiracy at the heart of the South African government.,2024-03-28,28,4.2866,5.766,137,en
616037,Thor: Love and Thunder,"After his retirement is interrupted by Gorr the God Butcher, a galactic killer who seeks the extinction of the gods, Thor Odinson enlists the help of King Valkyrie, Korg, and ex-girlfriend Jane Foster, who now wields Mjolnir as the Mighty Thor. Together they embark upon a harrowing cosmic adventure to uncover the mystery of the God Butcher’s vengeance and stop him before it’s too late.",2022-07-06,14|28|35,26.7028,6.4,9025,en
300666,Bravetown,"After an accidental drug overdose, a talented teenage DJ goes to live with his estranged father in a small Army town, where he gets to the bottom of his own pain and learns empathy for others.",2015-05-08,18|10402,2.5654,6.7,309,en
879412,You Can't Run Forever,A teenage girl suffering from anxiety due to a tragic event from her past finds herself hunted through the woods by a sociopath on a murderous rampage.,2024-05-17,53,4.438,5.527,113,en
502356,The Super Mario Bros. Movie,"While working underground to fix a water main, Brooklyn plumbers—and brothers—Mario and Luigi are transported down a mysterious pipe and wander into a magical new world. But when the brothers are separated, Mario embarks on an epic quest to find Luigi.",2023-04-05,10751|35|12|14|16,36.8616,7.6,11197,en
592230,Blood Quantum,"The dead are coming back to life outside the isolated Mi'kmaq reserve of Red Crow, except for its Indigenous inhabitants who are strangely immune to the zombie plague.",2019-09-05,27,4.6993,5.802,199,en
442062,Goosebumps 2: Haunted Halloween,"Be careful what you wish for. With their after school junk business, best friends Sonny and Sam hope to find treasure in other people’s trash. But when cleaning out the old Stine house, they open a locked book that frees a supernatural nightmare – Slappy! Now, with the help of Sonny’s sister Sarah, they’re in a race against time to get the sinister dummy and all the creatures he’s brought to life back into the pages before he unleashes total pandemonium!",2018-10-11,35|14|27|10751,11.4499,6.1,1677,en
364116,The Other Side of the Door,"Grieving over the loss of her son, a mother struggles with her feelings for her daughter and her husband. She seeks out a ritual that allows her say goodbye to her dead child, opening the veil between the world of the dead and the living. Her daughter becomes the focus of terror. She must now protect against the evil that was once her beloved son.",2016-02-25,27|53,4.2613,5.538,914,en
300673,The Finest Hours,The Coast Guard makes a daring rescue attempt off the coast of Cape Cod after a pair of oil tankers are destroyed during a blizzard in 1952.,2016-01-27,28|18|36|53,9.1376,6.6,1808,en
558341,Trevor Noah: Son of Patricia,"Trevor Noah gets out from behind the ""Daily Show"" desk and takes the stage for a stand-up special that touches on racism, immigration, camping and more.",2018-11-20,35|10770,1.2591,7.1,132,en
872585,Oppenheimer,The story of J. Robert Oppenheimer's role in the development of the atomic bomb during World War II.,2023-07-19,18|36,52.7423,8,12648,en
820446,Downton Abbey: A New Era,"The Crawley family goes on a grand journey to the south of France to uncover the mystery of the dowager countess's newly inherited villa. Meanwhile, a Hollywood director seeks to film his latest production at Downton.",2022-04-27,18|10749,8.5423,7.2,640,en
653610,Disclosure,"An investigation of how Hollywood's fabled stories have deeply influenced how Americans feel about transgender people, and how transgender people have been taught to feel about themselves.",2020-06-19,99,2.5014,7.8,151,en
556984,The Trial of the Chicago 7,What was supposed to be a peaceful protest turned into a violent clash with the police. What followed was one of the most notorious trials in history.,2020-09-25,18|36,7.9181,7.7,3471,en
588064,The Fare,"Harris and Penny, a cab driver and his fare, engage in flirtatious banter during their brief ride on a desolate road…until Penny abruptly vanishes from the back seat, leaving Harris mystified.",2018-11-19,9648|53|10749|878,2.0082,6.396,125,en
507256,Whitney,"Examines the life and career of singer Whitney Houston. Features never-before-seen archival footage, exclusive recordings, rare performances and interviews with the people who knew her best.",2018-07-05,10402|99,3.0842,7.3,211,en
207936,Tumbledown,"A young woman struggles to move on with her life after the death of her husband, an acclaimed folk singer, when a brash New York writer forces her to confront her loss and the ambiguous circumstances of his death.",2016-02-12,10749|35|18|10402,2.7186,6.2,196,en
305642,Ithaca,"In a small town in California's San Joaquin Valley, 14-year-old Homer Macauley is determined to be the best and fastest bicycle telegraph messenger anyone has ever seen. His older brother has gone to war, leaving Homer to look after his widowed mother, his older sister and his 4-year-old brother, Ulysses. And so it is that as spring turns to summer, 1942, Homer Macauley delivers messages of love, hope, pain... and death... to the good people of Ithaca. And Homer Macauley will grapple with one message that will change him forever - from a boy into a man. Based on Pulitzer Prize-winning author William Saroyan's 1943 novel, The Human Comedy, ITHACA is the quintessential wartime tale of the Home Front. It is a coming-of-age story about the exuberance of youth, the sweetness of life, the sting of death and the modesty and sheer goodness that lives in each and every one of us.",2015-10-29,18,2.2686,5.2,111,en
437375,Looking Glass,"A psycho- sexual thriller following a couple that buys an old motel in the desert looking for a new beginning, but what seemed at first as an escape is soon a thrilling ride through a mysterious world when Ray discovers a two way mirror and witnesses a horrifying murder. In a twisted game of cat and mouse, Ray must race to save his wife and himself from a gruesome secret connected to the motel and the strange people who visit there.",2018-02-16,53|9648,5.1701,4.8,345,en
291270,Anomalisa,An inspirational speaker becomes reinvigorated after meeting a lively woman who shakes up his mundane existence.,2015-12-30,16|18|10749|35,4.3272,7.1,1878,en
552532,Charm City Kings,"Mouse desperately wants to join The Midnight Clique, the infamous Baltimore dirt bike riders who rule the summertime streets. When Midnight’s leader, Blax, takes 14-year-old Mouse under his wing, Mouse soon finds himself torn between the straight-and-narrow and a road filled with fast money and violence.",2020-01-27,18,6.2456,7.839,508,en
551332,The Two Popes,"Frustrated with the direction of the church, Cardinal Bergoglio requests permission to retire in 2012 from Pope Benedict. Instead, facing scandal and self-doubt, the introspective Pope Benedict summons his harshest critic and future successor to Rome to reveal a secret that would shake the foundations of the Catholic Church.",2019-11-27,18|36,8.0682,7.5,3239,en
384521,The Cloverfield Paradox,"Orbiting above a planet on the brink of war, scientists test a device to solve an energy crisis and end up face-to-face with a dark alternate reality.",2018-02-04,27|9648|878,8.8532,5.637,3710,en
717980,Sharper,"A small, wealthy family in New York City gets progressively torn apart by secrets, lies, and the theft that orchestrates all of it.",2023-02-10,80|53,6.1345,6.848,732,en
335777,The Nut Job 2: Nutty by Nature,"When the evil mayor of Oakton decides to bulldoze Liberty Park and build a dangerous amusement park in its place, Surly Squirrel and his ragtag group of animal friends need to band together to save their home, defeat the mayor, and take back the park.",2017-08-11,16|10751|12|35,10.9065,6.2,484,en
451204,The Last Movie Star,"An aging screen icon gets lured into accepting an award at a rinky-dink film festival in Nashville, Tenn., sending him on a hilarious fish-out-of-water adventure and an unexpectedly poignant journey into his past.",2018-03-30,18,1.9341,6.5,124,en
332979,Bleed for This,"The inspirational story of World Champion Boxer Vinny Pazienza, who after a near fatal car crash, which left him not knowing if he'd ever walk again, made one of sports most incredible comebacks.",2016-11-04,18,6.2344,6.796,853,en
615774,Scooby-Doo! Return to Zombie Island,"Scooby-Doo and his pals win an all-expense paid vacation and embark on a trip of a lifetime to a tropical paradise. Their destination however, turns out to be Zombie Island. As soon as they arrive, they realize the place looks strangely familiar and is reminiscent of a trip they took years ago, in which they became wrapped up in a mystery involving zombies. The gang soon learns that their trip to paradise comes with a price when the zombies re-emerge and attack their hotel. Will Scooby-Doo and the Mystery Inc. gang finally solve the mystery behind Zombie Island?",2019-09-03,14|16|10751|12|35|9648|27,4.8873,7,972,en
666219,Emperor,An escaped slave travels north and has chance encounters with Frederick Douglass and John Brown. Based on the life story of Shields Green.,2020-08-18,36|10752|18|37,2.4326,7.6,101,en
413736,Monster High: Welcome to Monster High,"Monsters once lived in hiding—even from each other—because they were afraid they would be in danger if humans knew they existed. But Draculaura, the daughter of Dracula, along with her best ghoulfriends, dreamt of a school where everyone was welcome and accepted for who they are. Determined to make their dream come true, the ghouls travel the world on an epic adventure to recruit new students. But even in this amazing place, there's drama: a villainess zombie is spreading trouble rather than friendship, and every student must live with the fear that their secret will be revealed. Now the ghouls must save their school so that every monster has a place where they belong and their uniqueness is celebrated!",2016-08-27,16|10751,3.4975,6.9,152,en
259316,Fantastic Beasts and Where to Find Them,"In 1926, Newt Scamander arrives at the Magical Congress of the United States of America with a magically expanded briefcase, which houses a number of dangerous creatures and their habitats. When the creatures escape from the briefcase, it sends the American wizarding authorities after Newt, and threatens to strain even further the state of magical and non-magical relations.",2016-11-16,14|12,23.3974,7.307,20051,en
607383,Aquaslash,"Thrills, Chills and Screwball-Comedy meet Tiny Bikinis and G o R y  dismemberment in this Chlorine & Blood drenched Murder-Mystery.",2019-07-29,27|35,4.2083,3.943,200,en
242606,Keep Watching,"A family imprisoned by intruders is forced to play a terrifying game of ""Kill, Or Be Killed"". As the night unfolds, the game's mysterious rules become clear, and the family realizes their nightmare is being streamed live to riveted viewers all over the world, who are compelled to KEEP WATCHING... not knowing if what they're seeing is real, or staged.",2017-05-04,53|27|18,3.1799,5.034,320,en
333653,If There Be Thorns,"Christopher and Cathy Dollanganger live together as man and wife with Cathy's two sons who are unaware of the incestuous nature of their parents' relationship. But when a mysterious woman moves in next door and befriends the younger boy, Bart, he begins a strange transformation and displays accusatory behavior towards Cathy and Christopher. When Christopher discovers their mysterious neighbor is, in fact, his mother Corrine Dollanganger, all of the family's long-hidden secrets are revealed in a tragic climax.",2015-04-05,10770|53|18,3.3125,6,125,en
532645,Lifechanger,A murderous shapeshifter sets out on a blood-soaked mission to make things right with the woman he loves.,2018-10-01,27|53|18,1.7594,5.784,111,en
405314,My Little Pony: Equestria Girls - Legend of Everfree,"When Canterlot Highschool goes on a trip to Camp Everfree, they’re surprised to find a magical force is causing strange things to happen around camp. With the help of the Mane 6 and especially Sunset Shimmer, Twilight Sparkle must confront the dark “Midnight Sparkle” within herself  and embrace her newfound magical abilities to save the camp.",2016-10-01,12|16|10402|14|35,3.7425,7.5,130,en
380565,Home Invasion,"Terror arrives at the one place we all feel safest... When a wealthy woman, Chloe, and her stepson, Jacob, are targeted by a trio of expert thieves in their remote mansion, her only form of help comes from a call with Mike, a security systems specialist. But as the intruders become increasingly hostile and the connection wavers, will she trust him to be her eyes and navigate her to safety?",2016-02-02,53|80|27,4.4147,5.6,174,en
1008042,Talk to Me,"When a group of friends discover how to conjure spirits using an embalmed hand, they become hooked on the new thrill, until one of them goes too far and unleashes terrifying supernatural forces.",2023-07-26,27,26.6787,7.143,4023,en
643532,The Card Counter,"William Tell just wants to play cards. His spartan existence on the casino trail is shattered when he is approached by Cirk, a vulnerable and angry young man seeking help to execute his plan for revenge on a military colonel. Tell sees a chance at redemption through his relationship with Cirk.",2021-09-03,18|53|80,7.3079,6.1,1135,en
834027,Val,"For over 40 years Val Kilmer, one of Hollywood's most mercurial and/or misunderstood actors, has been documenting his own life and craft through film and video. He has amassed thousands of hours of footage, from 16mm home movies made with his brothers, to time spent in iconic roles for blockbuster movies like Top Gun, The Doors, Tombstone, and Batman Forever. This raw, wildly original and unflinching documentary reveals a life lived to extremes and a heart-filled, sometimes hilarious look at what it means to be an artist and a complex man.",2021-07-23,99,3.8431,7.208,245,en
612706,Work It,A brilliant but clumsy high school senior vows to get into her late father's alma mater by transforming herself and a misfit squad into dance champions.,2020-08-07,35|10402,3.5311,7.5,1230,en
479259,Lost Girls & Love Hotels,"Searching for escape in Tokyo's back alleys, a haunted English teacher explores love and lust with a dashing Yakuza, as their tumultuous affair takes her on a journey through the city's dive bars and three-hour love hotels.",2020-09-18,18,4.308,5.4,209,en
1028196,Nickel Boys,Chronicles the powerful friendship between two young Black teenagers navigating the harrowing trials of reform school together in Florida.,2024-12-13,18|36,10.3248,6.62,382,en
209112,Batman v Superman: Dawn of Justice,"Fearing the actions of a god-like Super Hero left unchecked, Gotham City’s own formidable, forceful vigilante takes on Metropolis’s most revered, modern-day savior, while the world wrestles with what sort of hero it really needs. And with Batman and Superman at war with one another, a new threat quickly arises, putting mankind in greater danger than it’s ever known before.",2016-03-23,28|12|14,29.2426,6.013,19431,en
325189,Teen Beach 2,"When characters from the movie musical “Wet Side Story” get stuck in the real world, teens Brady and Mack must find a way to return them home.",2015-06-26,10770|10751|35|14,4.3101,6.8,615,en
309809,The Little Prince,"Based on the best-seller book 'The Little Prince', the movie tells the story of a little girl that lives with resignation in a world where efficiency and work are the only dogmas. Everything will change when accidentally she discovers her neighbor that will tell her about the story of the Little Prince that he once met.",2015-07-29,12|16|14|10751,15.8967,7.6,3042,en
286538,Bokeh,"On a romantic getaway to Iceland, a young American couple wake up one morning to discover every person on Earth has disappeared. Their struggle to survive and to reconcile the mysterious event lead them to reconsider everything they know about themselves and the world.",2017-03-24,18|878|53,6.3727,5.4,277,en
558582,First Cow,"In the 1820s, a taciturn loner and skilled cook travels west to Oregon Territory, where he meets a Chinese immigrant also seeking his fortune. Soon the two team up on a dangerous scheme to steal milk from the wealthy landowner’s prized Jersey cow—the first, and only, in the territory.",2020-03-06,18|37,8.1577,7,565,en
718400,The Vanished,"A family vacation takes a terrifying turn when parents Paul and Wendy discover their young daughter has vanished without a trace. Stopping at nothing to find her, the search for the truth leads to a shocking revelation.",2020-08-21,53|27|80|28,6.536,6.024,376,en
379149,The Foreigner,Quan is a humble London businessman whose long-buried past erupts in a revenge-fueled vendetta when the only person left for him to love – his teenage daughter – dies in an Irish Republican Army car bombing. His relentless search to find the terrorists leads to a cat-and-mouse conflict with a British government official whose own past may hold the clues to the identities of the elusive killers.,2017-09-28,28|53|80,16.3559,6.983,3056,en
481879,Die in a Gunfight,"Mary and Ben are the star-crossed black sheep of two powerful families engaged in a centuries-long feud. When the pair reignite a romance after many years apart, their forbidden love draws a motley assortment of schemers and killers into their orbit, and as fists and bullets fly, it becomes clear that violent delights will have violent ends.",2021-07-01,28|35|10749,4.5268,5.2,156,en
345922,Fist Fight,"When one school teacher gets the other fired, he is challenged to an after-school fight.",2017-02-16,35,7.6646,6.04,1345,en
296100,The Night Before,"In New York City for their annual tradition of Christmas Eve debauchery, three lifelong best friends set out to find the Holy Grail of Christmas parties since their yearly reunion might be coming to an end.",2015-11-20,35|12|14,6.5766,6.087,1889,en
356987,Abandoned,"In 1989 the trimaran Rose Noelle set sail from Picton, New Zealand, bound for Tonga with four crew. After a freak wave capsized the yacht, they drifted for 119 days before landing on Great Barrier Island.",2016-03-02,18|53|12,2.8478,5.9,137,en
398177,Just Getting Started,"Duke Diver is living the high life as the freewheeling manager of a luxurious resort in Palm Springs, Calif. He soon faces competition from Leo, a former military man who likes the same woman that Duke is interested in. When Diver's past suddenly catches up with him, he must put aside his differences and reluctantly team up with Leo to stop whoever is trying to kill him.",2017-12-01,28|35,3.7181,4.941,261,en
643882,The Princess Switch: Switched Again,"When Duchess Margaret unexpectedly inherits the throne & hits a rough patch with Kevin, it’s up to Stacy to save the day before a new lookalike — party girl Fiona — foils their plans.",2020-11-19,10751|10749|35|10770,5.6167,6.772,937,en
961323,Nimona,"A knight framed for a tragic crime teams with a scrappy, shape-shifting teen to prove his innocence.",2023-06-23,16|10751|14|12|878|28,8.182,7.9,1515,en
434555,The Possession of Hannah Grace,"When a cop who is just out of rehab takes the graveyard shift in a city hospital morgue, she faces a series of bizarre, violent events caused by an evil entity in one of the corpses.",2018-11-29,27|18,11.5505,5.7,1528,en
291984,The Death & Life of John F. Donovan,"A decade after the death of an American TV star, a young actor reminisces about the written correspondence he once shared with the former, as well as the impact those letters had on both their lives.",2019-03-13,18,4.0426,6.9,732,en
513409,Earthquake Bird,"Tokyo, Japan, 1989. Lucy Fly, a foreigner who works as a translator, begins a passionate relationship with Teiji, a mysterious man obsessed with photography.",2019-11-01,18|9648|10749|53,3.1606,5.916,489,en
517116,Haunt,"On Halloween, a group of friends encounter an extreme haunted house that promises to feed on their darkest fears. The night turns deadly as they come to the horrifying realisation that some nightmares are real.",2019-09-13,27|53,6.4736,6.662,1433,en
106845,Re-Kill,"Five years after a zombie outbreak, the men and women of R-Division hunt down and destroy the undead. When they see signs of a second outbreak, they fear humanity may not survive.",2015-10-16,27|878,2.9948,5.939,179,en
660335,Hunted,A woman flees two serial killers who are hot on her heels in a forest.,2021-02-03,28|27|53,2.5347,6.158,199,en
489245,The Kill Team,"When Andrew Briggman — a young soldier in the US Army during the invasion of Afghanistan — witnesses the murderous behavior of fellow soldiers, under the direction of a malevolent Sergeant, he faces a moral dilemma. His increasingly-violent platoon becomes suspicious that someone in their ranks has turned on them, and Andrew begins to fear for his safety. A fictionalized dramatization based on a true story.",2019-10-17,10752|28|18,5.2715,6.48,442,en
660982,American Pie Presents: Girls' Rules,"It's Senior year at East Great Falls. Annie, Kayla, Michelle, and Stephanie decide to harness their girl power and band together to get what they want their last year of high school.",2020-10-06,35,9.7179,6.063,743,en
1024627,The System,"When a young soldier, newly returned from war, gets caught up in a drug bust, he is recruited by the authorities to go undercover in a notoriously dangerous prison in order to figure out what is really going on.",2022-10-28,28|80|53,4.3826,7.356,163,en
342165,Too Late,Private investigator Mel Sampson is tasked with tracking down the whereabouts of a missing woman from his own past.,2016-03-25,18|80|9648,2.0968,6.8,101,en
414001,The Mercy,"In 1968, Donald Crowhurst, an amateur sailor, endangers the fate of his family and business, and his own life, blinded by his ambition to compete in the Sunday Times Golden Globe Race, attempting to become the first person in history to single-handedly circumnavigate the world without making any stopover.",2018-02-09,18|12,6.8344,5.929,308,en
605116,Project Power,"An ex-soldier, a teen and a cop collide in New Orleans as they hunt for the source behind a dangerous new pill that grants users temporary superpowers.",2020-08-14,28|80|878|53,9.687,6.417,3164,en
1019836,Christmas Bloody Christmas,"It's Christmas Eve and Tori just wants to get drunk and party, but when a robotic Santa Claus at a nearby toy store goes haywire and begins a rampant killing spree through her small town, she's forced into a battle for survival.",2022-12-09,27,2.6297,5.317,249,en
332567,The Shallows,"While surfing on a secluded beach, Nancy finds herself in the feeding grounds of a great white shark. Though stranded only 200 yards from shore, survival proves to be the ultimate test of wills, requiring all of her ingenuity, resourcefulness, and fortitude.",2016-06-24,27|18|53,16.7169,6.4,5450,en
523777,Next Gen,"A friendship with a top-secret robot turns a lonely girl's life into a thrilling adventure as they take on bullies, evil bots and a scheming madman.",2018-09-07,16|28|12|35|10751|878,6.4948,6.988,880,en
543915,The Boat,A lone fisherman on his daily run finds himself lost in a thick fog which proves impossible to navigate. The worst is yet to come when his encounter with a seemingly abandoned sailboat becomes a fight for survival against an enemy unknown.,2019-02-22,53|9648|27,2.8472,5.455,144,en
413998,My Cousin Rachel,"A young Englishman plots revenge against his mysterious, beautiful cousin, believing that she murdered his guardian. But his feelings become complicated as he finds himself falling under the beguiling spell of her charms.",2017-06-08,18|10749,4.8028,5.715,628,en
811656,Monstrous,"Laura, traumatized by an abusive relationship, runs away from her former husband with her seven-year-old son Cody. But in their new, idyllic and remote sanctuary, they find they have another, bigger and more terrifying monster to deal with…",2022-05-13,27|9648|53,3.0044,5.9,352,en
301337,Downsizing,A kindly occupational therapist undergoes a new procedure to be shrunken to four inches tall so that he and his wife can help save the planet and afford a nice lifestyle at the same time.,2017-12-22,18|878|35,11.8794,5.4,4220,en
339543,Northpole: Open for Christmas,"A successful businesswoman, Mackenzie, inherits her beloved aunt's inn, and chooses to restore the hotel to its original grandeur only to sell it right before Christmas. Unbeknownst to Mackenzie, she receives some unexpected help from a team of elves headed by the cheerful Clementine, who helps Mackenzie rediscover the true meaning of Christmas.",2015-11-21,10770|10751|14,2.9542,5.815,100,en
450487,Fast Color,"A woman is forced to go on the run when her superhuman abilities are discovered. Years after having abandoned her family, the only place she has left to hide is home.",2019-03-29,53|878,3.4885,5.96,238,en
729120,Cassandro,"The true story of Saúl Armendáriz, a gay amateur wrestler from El Paso that rises to international stardom after he creates the character Cassandro, the “Liberace of Lucha Libre.” In the process, he upends not just the macho wrestling world but also his own life.",2023-09-14,18,3.1698,6.7,136,en
763148,Time Is Up,"Vivien, an accomplished student with a passion for physics, and Roy, a troubled young man, are involved in an accident that forces them to reclaim their lives one minute at the time.",2021-09-09,10749|18,4.8061,6.484,739,en
335778,Risen,"Clavius, a powerful Roman military tribune, and his aide, Lucius, are tasked with solving the mystery of what happened to Jesus in the weeks following the crucifixion, in order to disprove the rumors of a risen Messiah and prevent an uprising in Jerusalem.",2016-02-18,28|12|18|36|9648,8.1112,6.3,982,en
339527,Solace,"A psychic doctor, John Clancy, works with an FBI special agent in search of a serial killer.",2015-09-03,53|80|9648,9.5663,6.45,2450,en
438148,Minions: The Rise of Gru,"A fanboy of a supervillain supergroup known as the Vicious 6, Gru hatches a plan to become evil enough to join them, with the backup of his followers, the Minions.",2022-06-29,16|35|80|878|10751,26.2229,7.3,4205,en
264644,Room,"Held captive for 7 years in an enclosed space, a woman and her young son finally gain their freedom, allowing the boy to experience the outside world for the first time.",2015-10-16,18|53,8.2694,7.985,9882,en
374473,"I, Daniel Blake","A 59-year-old carpenter recovering from a heart attack befriends a single mother and her two kids as they navigate the impersonal, Kafkaesque benefits system. With equal amounts of humour, warmth and despair, the journey is heartfelt and emotional until the end.",2016-10-21,18,5.5567,7.7,1581,en
880100,Fear,An author's celebration with friends at a woodland cabin takes a terrifying turn when an airborne virus emerges at the same time supernatural forces target the group.,2023-01-27,27|18,3.517,5,121,en
290595,The Huntsman: Winter's War,"As two evil sisters prepare to conquer the land, two renegades—Eric the Huntsman, who aided Snow White in defeating Ravenna in Snowwhite and the Huntsman, and his forbidden lover, Sara—set out to stop them.",2016-04-06,28|12|18,11.8304,6.292,5140,en
423899,Victoria & Abdul,Queen Victoria strikes up an unlikely friendship with a young Indian clerk named Abdul Karim.,2017-09-13,18|36,6.6384,6.9,1231,en
516486,Greyhound,"A first-time captain leads a convoy of allied ships carrying thousands of soldiers across the treacherous waters of the ""Black Pit"" to the front lines of WWII. With no air cover protection for 5 days, the captain and his convoy must battle the surrounding enemy Nazi U-boats in order to give the allies a chance to win the war.",2020-07-09,10752|28|18,14.6691,7.416,3491,en
761053,Gabriel's Inferno: Part III,The final part of the film adaption of the erotic romance novel Gabriel's Inferno written by an anonymous Canadian author under the pen name Sylvain Reynard.,2020-11-19,10749|18,5.3554,8.3,1095,en
485774,The Open House,A teenager and his mother find themselves besieged by threatening forces when they move into a new house.,2018-01-19,27|53,3.1806,3.705,1448,en
764835,The Desperate Hour,A woman desperately races to save her child after police place her hometown on lockdown due to an active shooter incident.,2022-02-17,53,4.9463,6,491,en
454619,Overboard,"A spoiled, wealthy yacht owner is thrown overboard and becomes the target of revenge from his mistreated employee.",2018-04-13,10749|35,6.6563,6.666,1542,en
756403,Riverdance: The Animated Adventure,A young Irish boy named Keegan and Spanish girl named Moya journey into a magical world of the Megaloceros Giganteus who teach them to appreciate Riverdance as a celebration of life. Based on the stage show phenomenon of the same name and featuring Bill Whelan’s multi-platinum Grammy Award-winning music.,2021-05-28,16|14|10402|12|35|10751,3.8571,6,105,en
763144,The Last Rifleman,"A WWII veteran escapes his care home in Northern Ireland and embarks on an arduous but inspirational journey to France to attend the 75th anniversary of the D-Day landings, finding the courage to face the ghosts of his past.",2023-12-07,18|36|10752,5.0601,6.6,107,en
550205,Wish Dragon,Determined teen Din is longing to reconnect with his childhood best friend when he meets a wish-granting dragon who shows him the magic of possibilities.,2021-01-15,16|10751|35|14|10749|12,13.186,7.8,1572,en
297160,XX,This all-female horror anthology features four dark tales from four fiercely talented women.,2017-02-17,27,3.6852,5.011,475,en
490003,Won't You Be My Neighbor?,"For more than thirty years, and through his television program, Fred Rogers (1928-2003), host, producer, writer and pianist, accompanied by his puppets and his many friends, spoke directly to young children about some of life's most important issues.",2018-06-29,99,3.4417,7.975,619,en
410314,A Wish for Christmas,"Sara Shaw is the type of woman who prefers to sit on the sidelines at work, but when her big idea for a Christmas initiative is stolen, she makes a wish to Santa that she'll finally have the courage to stand up for herself. Santa grants her wish, but only gives her 48 hours. As the clock ticks, Sara will discover how to channel the Christmas magic and speak her mind all on her own.",2016-11-05,10770|10749|18|14,2.5076,5.9,265,en
730840,Trollhunters: Rise of the Titans,"The Guardians of Arcadia reunite to battle the nefarious Arcane Order, who've reawakened the primordial Titans.",2021-07-21,16|14|10751|28|12,7.9752,7.5,377,en
376530,The Eagle Huntress,"Follow Aisholpan, a 13-year-old girl, as she trains to become the first female in twelve generations of her Kazakh family to become an eagle hunter, and rise to the pinnacle of a tradition that has been typically been handed down from father to son for centuries.",2016-11-02,10751|99|12,2.7506,7,109,en
506558,O.G.,Louis Menkins is five weeks away from being released after 26 years in prison. He is faced with the decision to put his own release at risk in order to protect a young man named Beecher from growing gang controversies.,2018-04-20,18,2.3324,5.9,107,en
600354,The Father,"A man refuses all assistance from his daughter as he ages and, as he tries to make sense of his changing circumstances, he begins to doubt his loved ones, his own mind and even the fabric of his reality.",2020-12-23,18,15.3374,8.095,3797,en
575094,Abigail,"A young girl Abigail lives in a city whose borders were closed many years ago because of an epidemic of a mysterious disease. Abby's father was one of the sick - and he was taken when she was six years old. Going against the authorities to find his father, Abby learns that her city is actually full of magic. And she discovers in herself extraordinary magical abilities.",2019-08-22,12|14|9648,5.2339,6.2,269,en
823855,I Am All Girls,A special crimes investigator forms an unlikely bond with a serial killer to bring down a global child sex trafficking syndicate.,2021-05-14,18|9648|53|80,4.2678,6.542,333,en
471506,Greta,"A young woman returns a lonely widow’s lost purse, leading to an unlikely relationship between the two — until the young woman discovers the widow might not be all that she seems.",2019-02-28,9648|53|18,6.952,6.551,1500,en
301608,The Trust,A pair of cops investigating a drug invasion stumble upon a mysterious bank vault.,2016-04-29,28|35|80|18|53,5.716,5.196,561,en
373473,Little Men,"Jake is a quiet, sensitive middle schooler with dreams of being an artist. He meets the affably brash Tony at his grandfather's funeral, and the unlikely pair soon hit it off. The budding friendship is put at risk, however, when a rent dispute between Jake's father, Brian, and Tony's mother, Leonor, threatens to become contentious.",2016-08-05,18,3.0865,6.4,179,en
339259,The Man with the Iron Heart,"With the Third Reich at its peak in 1942, the Czech resistance in London plans the most ambitious military operation of WWII –  Anthropoid. Two young recruits are sent to Prague to assassinate the most ruthless Nazi leader – Reinhard Heydrich, head of the Reich Security Main Office, the Gestapo and the architect of the Final Solution.",2017-05-25,10752|28|36|53,6.6429,6.5,837,en
433310,When We First Met,"Using a magical photo booth that sends him back in time, Noah relives the night he met Avery over and over, trying to persuade her to fall for him.",2018-02-08,35|10749|14,6.3416,6.556,2395,en
302946,The Accountant,"As a math savant uncooks the books for a new client, the Treasury Department closes in on his activities and the body count starts to rise.",2016-10-13,80|53|18,22.7458,7.139,7639,en
461714,China Salesman,"Yan Jian, a young Chinese IT engineer who volunteers to go to North Africa and help the company he works for to win a competition. The winner can own the right to control the communication between south and north. French spy Michael works for the West. His boss ordered him to go to the North Africa and win the competition, and they can control the great mineral resources of Africa. He hired the best mercenary in Africa whose name is Lauder and a former general Kabbah to help him. Yan has discovered their conspiracy, he is the only one who can stop them.",2017-06-16,28|53|12,3.6703,5.302,116,en
390883,The Dark Tapes,"A genre-defying mixture of horror, sci-fi, myth, mystery and thrills told as four interlocking tales in one intelligent anthology. Ghosts, spirits, creatures, demons and more from the paranormal world collide with rational curiosity.",2017-04-17,27|878|53,1.6336,5.316,144,en
369557,Sing Street,A boy growing up in Dublin during the 1980s escapes his strained family life by starting a band to impress the mysterious girl he likes.,2016-03-11,10749|18|10402|35,6.6405,7.9,2523,en
454699,Monster Family,"The Wishbone family are far from happy. In an attempt to reconnect as a family, they plan a fun night out. However, the plan backfires when they are cursed and all turned into Monsters.",2017-08-24,16|10751|14|35,8.036,6,381,en
328387,Nerve,"Industrious high school senior Vee Delmonico has had it with living life on the sidelines. When pressured by friends to join the popular online game Nerve, Vee decides to sign up for just one dare in what seems like harmless fun. But as she finds herself caught up in the thrill of the adrenaline-fueled competition partnered with a mysterious stranger, the game begins to take a sinister turn with increasingly dangerous acts, leading her into a high stakes finale that will determine her entire future.",2016-06-27,9648|12|80,10.0221,7,7111,en
969686,4 Horsemen: Apocalypse,A small team of scientists must race against time to stop what seems to be a cascade of global disasters signaling the possible apocalypse and end of days.,2022-04-29,878|27|10770,3.8141,5.883,141,en
333354,Extortion,A doctor desperately tries to save his wife and their 5 year old son after their vacation in the Bahamas takes an unexpected turn.,2017-01-02,28|12|80|18|53,4.6885,6.1,329,en
545611,Everything Everywhere All at Once,"An aging Chinese immigrant is swept up in an insane adventure, where she alone can save what's important to her by connecting with the lives she could have led in other universes.",2022-03-24,28|12|878,29.844,7.7,8500,en
254320,The Lobster,"In a dystopian near future, single people, according to the laws of The City, are taken to The Hotel, where they are obliged to find a romantic partner in forty-five days or are transformed into animals and sent off into The Woods.",2015-10-15,35|18|10749,13.4186,7.022,7126,en
353616,Pitch Perfect 3,"After the highs of winning the world championships, the Bellas find themselves split apart and discovering there aren't job prospects for making music with your mouth. But when they get the chance to reunite for an overseas USO tour, this group of awesome nerds will come together to make some music, and some questionable decisions, one last time.",2017-12-20,10402|35,10.6762,6.502,3513,en
402431,Wicked,"In the land of Oz, ostracized and misunderstood green-skinned Elphaba is forced to share a room with the popular aristocrat Glinda at Shiz University, and the two's unlikely friendship is tested as they begin to fulfill their respective destinies as Glinda the Good and the Wicked Witch of the West.",2024-10-16,18|10749|14,21.4154,6.9,3268,en
284054,Black Panther,"King T'Challa returns home to the reclusive, technologically advanced African nation of Wakanda to serve as his country's new leader. However, T'Challa soon finds that he is challenged for the throne by factions within his own country as well as without. Using powers reserved to Wakandan kings, T'Challa assumes the Black Panther mantle to join with ex-girlfriend Nakia, the queen-mother, his princess-kid sister, members of the Dora Milaje (the Wakandan 'special forces') and an American secret agent, to prevent Wakanda from being dragged into a world war.",2018-02-13,28|12|878,35.7585,7.361,24064,en
864116,A Day to Die,"A disgraced parole officer is indebted to a local gang leader and forced to pull off a series of dangerous drug heists within twelve hours in order to pay the $2 million dollars he owes, rescue his kidnapped pregnant wife, and settle a score with the city's corrupt police chief, who is working with the gang leader and double-crossed him years ago.",2022-03-04,28|53|80|18,5.8455,5.7,248,en
624932,Dave Chappelle: Sticks & Stones,"Dave Chappelle takes on gun culture, the opioid crisis and the tidal wave of celebrity scandals in this defiant stand-up special.",2019-08-26,35,2.6492,7.5,397,en
617120,Test,Kurt Longson tries to avenge his daughters death. To succeed he has to battle with his conscience and morality to realize true love.,2018-05-22,18,1.6746,6,119,en
858408,Dog Gone,"When his beloved dog goes missing, a young man embarks on an incredible search with his parents to find him and give him life-saving medication.",2023-01-12,10751|12|18,4.5571,6.2,206,en
365942,The Space Between Us,A young man raised by scientists on Mars returns to Earth to find his father.,2017-01-26,10749|878|18,9.7318,7,2595,en
447200,Skyscraper,"Framed and on the run, a former FBI agent must save his family from a blazing fire in the world's tallest building.",2018-07-11,28|53|12,9.8836,6.303,5471,en
471493,Ryde,"Technology brings us closer. Or perhaps it brings strangers, a little too close. But how much can you really trust someone? With a new ride share service, you never know who will be getting in a car with. Or if you'll ever get out.",2017-09-15,53|27|80,1.5639,4.4,100,en
826510,Harold and the Purple Crayon,"Inside of his book, adventurous Harold can make anything come to life simply by drawing it. After he grows up and draws himself off the book's pages and into the physical world, Harold finds he has a lot to learn about real life.",2024-07-31,10751|35|12|14,9.2517,6.5,393,en
446827,Prodigy,"Jimmy is a committed child psychologist who uses his own playbook, but when he is brought in to work with Ellie, he is completely unprepared for his subject—a 9-year-old psychopathic genius with nothing to lose. As he begins to understand the extent of her capabilities and the fate that has been planned for her, he struggles to overcome her defenses before it is too late for them both.",2017-03-04,53|878,2.9431,6.11,172,en
493065,Cut Throat City,"Four boyhood friends return to New Orleans’ Lower Ninth Ward after Hurricane Katrina, to find their home decimated and prospects for work swept away. Turning to a local gangster for employment, the crew is hired to pull off a daring casino heist, right in the heart of the city.",2020-07-31,28|80|18|53,6.3957,6.3,159,en
866346,The Retirement Plan,"When Ashley and her young daughter Sarah get caught up in a criminal enterprise that puts their lives at risk, she turns to the only person who can help: her estranged father Matt, currently living the life of a retired beach bum in the Cayman Islands. Their reunion is fleeting as they are soon tracked down on the island by crime boss Donnie and his lieutenant Bobo. As Ashley, Sarah, and Matt become entangled in an increasingly dangerous web, Ashley quickly learns her father had a secret past that she knew nothing about and that there is more to her father than meets the eye.",2023-08-24,28|35|80,11.8357,5.802,354,en
787699,Wonka,"Willy Wonka – chock-full of ideas and determined to change the world one delectable bite at a time – is proof that the best things in life begin with a dream, and if you’re lucky enough to meet Willy Wonka, anything is possible.",2023-12-06,35|10751|14,16.4762,7,4588,en
993784,Lisa Frankenstein,"In 1989, a misunderstood teenager has a high school crush — who just happens to be a handsome corpse! After a set of playfully horrific circumstances bring him back to life, the two embark on a murderous journey to find love, happiness…and a few missing body parts along the way.",2024-02-07,27|35|10749,7.6072,6.4,630,en
1087388,Sting,"After raising an unnervingly talented spider in secret, 12-year-old Charlotte must face the truth about her pet and fight for her family's survival.",2024-04-12,27|53,5.4171,6.17,564,en
477508,Lucky Day,"Red, a safe cracker who has just been released from prison, is trying to hold his family together as his past catches up with him in the form of Luc, a psychopathic contract killer who's seeking revenge for the death of his brother.",2019-09-18,28|80|53,4.412,5.411,185,en
363889,The Funhouse Massacre,Six of the worlds scariest psychopaths escape from a local Asylum and proceed to unleash terror on the unsuspecting crowd of a Halloween Funhouse whose themed mazes are inspired by their various reigns of terror.,2015-11-13,35|27,2.2652,5.273,181,en
539651,Don't Let Go,"A detective suffering from a personal loss receives a call from his recently deceased niece. Being able to communicate across time, the two work together to try and stop the crime before it occurs.",2019-08-30,27|9648|878|53,6.0967,6.925,484,en
601165,Legacy of Lies,An ex-MI6 agent is thrown back into the world of espionage and high stakes to uncover the shocking truth about operations conducted by unknown secret services.,2020-07-28,53|28,4.4354,5.542,271,en
638045,The Toll,A socially awkward driver and a weary passenger try to make it to their destination while being haunted by a supernatural threat.,2020-07-13,53|27,3.8269,5.443,141,en
396373,Woman Walks Ahead,"Based on a true story, this riveting western follows a headstrong New York widow as she journeys west to meet Sioux chief Sitting Bull, facing off with an army officer intent on war with Native Americans.",2018-06-28,18|36|37,4.3671,6.779,213,en
291272,We Are Still Here,"After the death of their college age son, Anne and Paul Sacchetti relocate to the snowswept New England hamlet of Aylesbury, a sleepy village where all is most certainly not as it seems. When strange sounds and eerie feelings convince Anne that her son's spirit is still with them, they invite an eccentric, New Age couple to help them get to the bottom of the mystery.",2015-06-05,27|9648,3.2948,5.604,536,en
345911,Lights Out,"Rebecca must unlock the terror behind her little brother's experiences that once tested her sanity, bringing her face to face with a supernatural spirit attached to their mother.",2016-07-21,27|9648,11.0622,6.382,4258,en
429197,Vice,"George W. Bush picks Dick Cheney, the CEO of Halliburton Co., to be his Republican running mate in the 2000 presidential election. No stranger to politics, Cheney's impressive résumé includes stints as White House chief of staff, House Minority Whip and Defense Secretary. When Bush wins by a narrow margin, Cheney begins to use his newfound power to help reshape the country and the world.",2018-12-25,18|35|36,7.43,7.013,3703,en
436398,Dead Over Heels: An Aurora Teagarden Mystery,"Librarian and real crime buff Aurora “Roe” Teagarden never liked Detective Sergeant Jack Burns, but she also never wanted to see him dead. When his body is found outside of Aurora’s home, she then becomes  the main suspect. Determined to find the killer and clear her name, Aurora can't help but to get  involved once again.",2017-03-19,9648|10770|80|18,2.9741,7,105,en
622420,The Jack in the Box,"When a vintage Jack-in-the-box is un-earthed and opened, it's new owners soon have reason to believe the creepy clown doll within has a life of its own.",2019-11-09,27,3.9782,5.7,490,en
829410,Sick,"While quarantining at her family's lake house during the pandemic, Parker and her best friend are threatened by an unexpected visitor.",2022-09-11,27|9648,3.7593,6.093,383,en
454283,Action Point,A daredevil designs and operates his own theme park with his friends.,2018-06-01,35|18,4.4245,5.468,370,en
421131,The Carmilla Movie,"It has been five years since Laura and Carmilla vanquished the apocalypse and Carmilla became a bonafide mortal human. They have settled in to a cozy apartment in downtown Toronto, Laura continues to hone her journalism skills while Carmilla adjusts to a non-vampire lifestyle. Their domestic bliss is suddenly ruptured when Carmilla begins to show signs of ""re-vamping"" – from a fondness for bloody treats to accidental biting – while Laura has started having bizarre, ghostly dreams. The couple must now enlist their old friends from Silas University to uncover the unknown supernatural threat and save humanity – including Carmilla's.",2017-10-26,27|35|10749,1.9741,7.3,114,en
346648,Paddington 2,"Paddington, now happily settled with the Browns, picks up a series of odd jobs to buy the perfect present for his Aunt Lucy, but it is stolen.",2017-11-05,12|35|10751,14.9168,7.5,2924,en
448119,Dolittle,"After losing his wife seven years earlier, the eccentric Dr. John Dolittle, famed doctor and veterinarian of Queen Victoria’s England, hermits himself away behind the high walls of Dolittle Manor with only his menagerie of exotic animals for company. But when the young queen falls gravely ill, a reluctant Dolittle is forced to set sail on an epic adventure to a mythical island in search of a cure, regaining his wit and courage as he crosses old adversaries and discovers wondrous creatures.",2020-01-02,10751|35|14|12,13.3926,6.567,3967,en
821427,The Novice,"A college freshman joins her university's rowing team and undertakes an obsessive physical and psychological journey to make it to the top varsity boat, no matter the cost.",2021-12-17,18,3.5308,6.4,224,en
269795,2:22,"Two planes almost collide after a blinding flash of light paralyzes air traffic controller Dylan Branson for a few seconds. Suspended from his job, Dylan starts to notice an ominous pattern of sounds and events that repeats itself in exactly the same manner every day, ending precisely at 2:22 p.m. Also drawn into a complex relationship with a woman, Dylan must figure out a way to break the power of the past and take control of time itself.",2017-06-29,878|9648|53|10749,5.1668,6.03,1582,en
635910,The Last Voyage of the Demeter,The crew of the merchant ship Demeter attempts to survive the ocean voyage from Carpathia to London as they are stalked each night by a merciless presence onboard the ship.,2023-08-09,27|14,14.1267,6.7,2056,en
566038,Last and First Men,"As the end approaches inexorably, the last humans, living millions of years into the future, send a message to the humanity of the present that is both a plea for help and a warning, but also an epic tale of evolution, decline and hope.",2020-02-25,18|878,3.2026,6.238,145,en
751237,Umma,"Amanda and her daughter live a quiet life on an American farm, but when the remains of her estranged mother arrive from Korea, Amanda becomes haunted by the fear of turning into her own mother.",2022-03-18,27|9648,4.0374,5.273,341,en
839678,Unhuman,"After their school bus crashes, a group of high school students is thrown into a terrifying fight for survival as they try to take down a group of unhuman savages… before they kill each other first.",2022-06-03,27|35,2.938,5.244,154,en
258099,Just Before I Go,"Ted Morgan has been treading water for most of his life. After his wife leaves him, Ted realizes he has nothing left to live for.  Summoning the courage for one last act, Ted decides to go home and face the people he feels are responsible for creating the shell of a person he has become.  But life is tricky.  The more determined Ted is to confront his demons, to get closure, and to withdraw from his family, the more Ted is yanked into the chaos of their lives. So, when Ted Morgan decides to kill himself, he finds a reason to live.",2015-04-24,35|18|10749,3.4685,6.391,385,en
602609,Good Sam,A news reporter looks into who has been anonymously leaving large cash gifts on random doorsteps in New York.,2019-05-16,10749|18|35,1.9657,5.984,244,en
457799,"Extremely Wicked, Shockingly Evil and Vile","A chronicle of the crimes of Ted Bundy, from the perspective of his longtime girlfriend, Elizabeth Kloepfer, who refused to believe the truth about him for years.",2019-05-02,18|80,8.7586,6.999,3630,en
429417,Ghost Stories,"Professor Philip Goodman devotes his life to exposing phony psychics and fraudulent supernatural shenanigans. His skepticism soon gets put to the test when he receives news of three chilling and inexplicable cases -- disturbing visions in an abandoned asylum, a car accident deep in the woods and the spirit of an unborn child. Even scarier -- each of the macabre stories seems to have a sinister connection to the professor's own life.",2018-01-20,27|18,6.3042,6.4,1323,en
914215,Humane,"In the wake of an environmental collapse that has forced humanity to shed 20% of its population, a family dinner erupts into chaos when a father's plan to enlist in the government's new euthanasia program goes horribly awry.",2024-04-26,27|878|53,4.9894,5.392,255,en
369058,Merry Kissmas,"Unwinding her relationship from a controlling choreographer, Kayla happens to take an elevator ride with lonesome caterer “Dustin”. The lift stalls, and spontaneously, magical kisses follow. Soon the choreographer makes nice, and Dustin retreats. Kayla becomes confused as to which man to love.",2015-12-05,35|10749|10770|18,1.7069,5.9,135,en
837881,She Said,New York Times reporters Megan Twohey and Jodi Kantor break one of the most important stories in a generation — a story that helped launch the #MeToo movement and shattered decades of silence around the subject of sexual assault in Hollywood.,2022-11-17,18|36,10.5527,7.2,757,en
615678,Thunder Force,"In a world where supervillains are commonplace, two estranged childhood best friends reunite after one devises a treatment that gives them powers to protect their city.",2021-04-09,35|28|878,7.7049,5.466,1380,en
522417,Scorpion King: Book of Souls,"The Scorpion King teams up with a female warrior named Tala, who is the sister of The Nubian King. Together they search for a legendary relic known as The Book of Souls, which will allow them to put an end to an evil warlord.",2018-10-23,28|12|14,7.4248,5.9,324,en
398978,The Irishman,"Pennsylvania, 1956. Frank Sheeran, a war veteran of Irish origin who works as a truck driver, accidentally meets mobster Russell Bufalino. Once Frank becomes his trusted man, Bufalino sends him to Chicago with the task of helping Jimmy Hoffa, a powerful union leader related to organized crime, with whom Frank will maintain a close friendship for nearly twenty years.",2019-11-01,80|18|36,18.6951,7.6,7769,en
290764,Tracers,"Wanted by the mafia, a New York City bike messenger escapes into the world of parkour after meeting a beautiful stranger.",2015-01-15,28,7.6845,6.013,1141,en
408648,Batman and Harley Quinn,"Batman and Nightwing are forced to team with the Joker's sometimes-girlfriend Harley Quinn to stop a global threat brought about by Poison Ivy and Jason Woodrue, the Floronic Man.",2017-07-21,12|16|35|80|28,7.8516,6.2,678,en
505948,I Am Mother,"A teenage girl is raised underground by a robot ""Mother"", designed to repopulate the earth following an extinction event. But their unique bond is threatened when an inexplicable stranger arrives with alarming news.",2019-06-07,878|53,6.7507,6.7,2965,en
376261,Weiner,"Documentary featuring a jaw-dropping, behind-the-scenes look at the attempted comeback of Anthony Weiner in 2013 as he mounts a campaign for New York City mayor in the wake of his sexting scandal. Featuring unfettered access to the candidate and his campaign.",2016-05-20,99,2.1861,7.3,198,en
775996,Outside the Wire,"In the near future, a drone pilot is sent into a deadly militarized zone and must work with an android officer to locate a doomsday device.",2021-01-15,53|28|878,8.1091,6.347,2001,en
418533,Three Christs,Dr. Alan Stone breaks new ground for treatment of the mentally ill through an experiment on three paranoid schizophrenic patients who believe they are Jesus Christ.,2017-09-23,18,5.5182,6.7,158,en
661747,Seriously Single,"While her free-living bestie urges her to embrace singlehood, a commitment-craving social media expert can't stop following the life of a former love.",2020-07-31,35,2.6484,6.8,139,en
1014590,Upgraded,"Ana is an ambitious intern dreaming of a career in the art world while trying to impress her demanding boss Claire. When she's upgraded to first class on a work trip, she meets handsome Will, and Ana pretends to be her boss– a white lie that sets off a glamorous chain of events, romance and opportunity, until her fib threatens to surface.",2024-02-07,10749|35,8.9834,7.175,1060,en
493099,RBG,"Justice Ruth Bader Ginsburg now 84, and still inspired by the lawyers who defended free speech during the Red Scare, Ginsburg refuses to relinquish her passionate duty, steadily fighting for equal rights for all citizens under the law. Through intimate interviews and unprecedented access to Ginsburg’s life outside the court, RBG tells the electric story of Ginsburg’s consuming love affairs with both the Constitution and her beloved husband Marty—and of a life’s work that led her to become an icon of justice in the highest court in the land.",2018-05-04,99,2.0697,7.5,314,en
432615,Chasing Coral,"Coral reefs are the nursery for all life in the oceans, a remarkable ecosystem that sustains us. Yet with carbon emissions warming the seas, a phenomenon called ""coral bleaching"" -- a sign of mass coral death -- has been accelerating around the world, and the public has no idea of the scale or implication of the catastrophe silently raging underwater.",2017-03-16,99,2.8448,7.71,136,en
497814,Breaking In,"Shaun Russell takes her son and daughter on a weekend getaway to her late father's secluded, high-tech vacation home in the countryside. The family soon gets an unwelcome surprise when four men break into the house to find hidden money. After managing to escape, Shaun must now figure out a way to turn the tables on the desperate thieves and save her captive children.",2018-05-05,28|80|53,4.8931,5.9,732,en
347751,13 Cameras,"Newlyweds Claire and Ryan have just moved into a new house. Both are hoping Claire’s pregnancy will be the cement needed to hold their already fraying relationship together. Little do they know their marital issues are the least of their problems. For unbeknownst to them, their scruffy, sleazy and lascivious landlord has installed numerous miniature cameras all over their home and has been spying on them from Day One. Then Ryan begins an office affair, and the landlord kits out the secret basement with chains and soundproofing. Something is going to give in this suburban shocker packed with nasty surprises.",2016-04-15,27|80|53,2.8962,4.977,171,en
378200,The Perfect Match,"Charlie is a charming playboy who doesn't believe in serious relationships. His best friends bet him that if he sticks to one woman for one month, he's bound to get attached. Charlie denies this yet accepts the seemingly easy challenge, until he cross paths with the beautiful and mysterious Eva. They may agree to a casual affair, but eventually Charlie is questioning whether he may actually want more.",2016-03-11,10749|35,5.1812,5.57,213,en
1211472,September 5,"During the 1972 Munich Olympics, an American sports broadcasting crew finds itself thrust into covering the hostage crisis involving Israeli athletes.",2024-11-07,53|18|36,8.4473,7,612,en
448095,I Still See You,"Ten years after an apocalyptic event left the world haunted by ghosts, Veronica 'Ronnie' Calder receives a threatening message from beyond the grave. Joining forces with a mysterious classmate, Kirk, Ronnie descends into a shadow world that blurs the bounds of the living and the dead—and begins a desperate race against time to stop a cunning killer.",2018-09-27,53|14|9648,7.3846,6.43,683,en
1077782,Old Guy,"Stuck at a dead end but vying for the love of spunky club manager Anata, aging contract killer Danny Dolinski is thrilled when The Company pulls him back in the field, but only to train Gen Z newcomer Wihlborg, a prodigy assassin with an attitude.",2024-12-13,28|35|80,6.7723,5.6,239,en
572802,Aquaman and the Lost Kingdom,"Black Manta seeks revenge on Aquaman for his father's death. Wielding the Black Trident's power, he becomes a formidable foe. To defend Atlantis, Arthur (Aquaman) forges an alliance with his imprisoned brother. They must protect the kingdom.",2023-12-20,28|12|14,25.7842,6.5,3696,en
362703,Diablo,A young civil war veteran is forced on a desperate journey to save his kidnapped wife.,2016-01-08,28|12|53|37,2.4712,4.926,182,en
340837,A Cure for Wellness,"An ambitious young executive is sent to retrieve his company's CEO from an idyllic but mysterious ""wellness center"" at a remote location in the Swiss Alps but soon suspects that the spa's miraculous treatments are not what they seem.",2017-02-15,27|9648|878,13.3186,6.4,4315,en
897087,Freelance,"An ex-special forces operative takes a job to provide security for a journalist as she interviews a dictator, but a military coup breaks out in the middle of the interview, they are forced to escape into the jungle where they must survive.",2023-10-05,28|35,11.1964,6.397,1210,en
1130276,Succubus,A new father going through a marital separation joins a dating app and matches with a beautiful but mysterious young woman... whose powers of seduction and manipulation entangle him in a mystery more horrifying than he could have ever imagined.,2024-10-06,27|53,7.123,8.364,268,en
520663,The Woman in the Window,An agoraphobic woman living alone in New York begins spying on her new neighbors only to witness a disturbing act of violence.,2021-05-13,80|9648|53,6.2556,5.969,2219,en
484718,Coming 2 America,"Prince Akeem Joffer is set to become King of Zamunda when he discovers he has a son he never knew about in America – a street savvy Queens native named Lavelle. Honoring his royal father's dying wish to groom this son as the crown prince, Akeem and Semmi set off to America once again.",2021-03-04,35,9.012,6.311,2458,en
504561,Quincy,"An intimate look into the life of icon Quincy Jones. A unique force in music and popular culture for 70 years, Jones has transcended racial and cultural boundaries; his story is inextricably woven into the fabric of America.  Jones came to prominence in the 1950s as a jazz arranger and conductor before working on pop music and film scores. He moved easily between musical genres, producing major pop hits of the early 1960s  and serving as an arranger and conductor for several collaborations in the same time period.",2018-09-09,99|10402,2.0397,7.288,118,en
285024,Heaven Knows What,"A young heroin addict roams the streets of New York to panhandle and get her next fix, while her unstable boyfriend drifts in and out of her life at random.",2015-05-29,18|80,3.3868,6.449,205,en
843633,White Elephant,An ex-marine enforcer must battle his conscience and code of honor when he is forced to do things for the mob.,2022-06-03,28|80|53,6.1601,5.747,180,en
1122932,See You on Venus,"Mia and Kyle, two misfit American teens, travel to Spain in search of Mia's birth mother. As the pair road trip through the picturesque cities of Andalusia and fall in love, they discover that the most important question isn't who gave you life, but what you decide to do with it.",2023-07-20,10749|18,4.8783,7,231,en
393732,Mean Dreams,"When two youngsters meet and fall for each other, they must go on the run from the girl's corrupt father, who is also the sheriff of the town.",2016-10-21,18|53,2.6383,6.4,141,en
482321,Ron's Gone Wrong,"In a world where walking, talking, digitally connected bots have become children's best friends, an 11-year-old finds that his robot buddy doesn't quite work the same as the others do.",2021-10-14,16|878|10751|35,14.8954,7.8,2088,en
150540,Inside Out,"When 11-year-old Riley moves to a new city, her Emotions team up to help her through the transition. Joy, Fear, Anger, Disgust and Sadness work together, but when Joy and Sadness get lost, they must journey through unfamiliar places to get back home.",2015-06-17,16|10751|12|18|35,55.7552,7.906,23983,en
449755,Christmas Inheritance,"To inherit her father's company, socialite Ellen must first visit his small hometown, where she learns the value of hard work and helping others.",2017-12-15,10749|35,4.3064,6.3,860,en
545609,Extraction,A hardened gun-for-hire's latest mission becomes a soul-searching race to survive when he's sent into Bangladesh to rescue a drug lord's kidnapped son.,2020-04-23,28|53,15.6541,7.281,6825,en
296096,Me Before You,"Lou Clark, a directionless 26-year-old from the English countryside, takes a job at the local castle as a caregiver and companion to a wealthy young banker, Will Traynor. Wheelchair-bound from an accident two years prior, the once adventurous Will has all but given up — that is until Lou determines to show him that life is worth living.",2016-06-01,18|10749,24.0611,7.932,13638,en
345317,Final Portrait,"Paris, 1964. The Swiss sculptor and painter Alberto Giacometti, one of the most accomplished and respected artists of his generation, asks his friend, the American writer James Lord, to sit for a portrait, assuring him that it will take no longer than two or three hours, an afternoon at the most.",2017-08-03,36|18,3.0724,6,189,en
340103,The Monster,"Stranded on a desolate road at night, a troubled mother and her daughter are stalked by a terrifying woodland creature while confronting the trauma of their fractured relationship.",2016-11-11,27|18,4.3577,5.505,624,en
372343,The Snowman,Detective Harry Hole investigates the disappearance of a woman whose pink scarf is found wrapped around an ominous looking snowman.,2017-08-24,80|53|9648|27,14.636,5.2,2430,en
329020,Extraordinary Tales,"Five tales by Edgar Allan Poe come to life thanks to a pictorical style animation, five tales that exude madness, pestilence, murder and torture.",2015-06-25,27|16|9648,2.1766,6.5,136,en
500656,A Good Woman Is Hard to Find,"The recently widowed mother of two, Sarah, is desperate to know who murdered her husband in front of her young son, rendering him mute. Coerced into helping a low-life drug dealer stash narcotics stolen from the local Mr. Big, she's forced into taking drastic action to protect her children, evolving from downtrodden submissive to take-charge vigilante.",2019-10-25,53|80|18,4.1328,6.1,201,en
426230,Band Aid,A couple who can't stop fighting embark on a last-ditch effort to save their marriage: turning their fights into songs and starting a band.,2017-06-02,35|18|10402,3.4334,6.266,184,en
677179,Creed III,"After dominating the boxing world, Adonis Creed has thrived in his career and family life. When a childhood friend and former boxing prodigy, Damian Anderson, resurfaces after serving a long sentence in prison, he is eager to prove that he deserves his shot in the ring. The face-off between former friends is more than just a fight. To settle the score, Adonis must put his future on the line to battle Damian — a fighter with nothing to lose.",2023-03-01,18|28,15.063,7.1,2998,en
971699,Blue Jean,"Jean, a PE teacher, is forced to live a double life. When a new student arrives and threatens to expose her sexuality, Jean is pushed to extreme lengths to keep her job and her integrity.",2023-02-10,18,2.8431,6.8,133,en
333385,Mr. Right,"A girl falls for the ""perfect"" guy, who happens to have a very fatal flaw: he's a hitman on the run from the crime cartels who employ him.",2016-02-29,35|10749|80,7.9646,6.442,1502,en
691812,Blood and Money,A retired veteran hunting in the Allagash backcountry of Maine discovers a dead woman with a duffle bag full of money. He soon finds himself in a web of deceit and murder.,2020-05-15,53|80|18|28,2.9912,5.4,142,en
297725,The Man Who Killed Don Quixote,"Toby, a cynical film director finds himself trapped in the outrageous delusions of an old Spanish shoe-maker who believes himself to be Don Quixote. In the course of their comic and increasingly surreal adventures, Toby is forced to confront the tragic repercussions of a film he made in his idealistic youth.",2018-05-19,12|35,5.3121,6.7,1109,en
421632,I'll Be Home for Christmas,"Jackie Foster, a dynamic Assistant District Attorney and single mom, is looking forward to wrapping up her latest case and spending Christmas with Gracie, her adorable and precocious, eight-year old daughter. But when Jackie’s estranged dad, Jack , a gruff retired police officer, unexpectedly shows up at her door, they will be forced to confront old wounds.",2016-11-27,10770|10751|18,3.2093,6.1,118,en
1003579,Batman: The Doom That Came to Gotham,"Explorer Bruce Wayne accidentally unleashes an ancient evil, and returns to Gotham after being away for two decades. There, Batman battles Lovecraftian supernatural forces and encounters allies and enemies such as Green Arrow, Ra's al Ghul, Mr. Freeze, Killer Croc, Two-Face and James Gordon.",2023-03-10,16|14|28|9648,6.0864,6.7,279,en
410113,The Loud House Movie,The Loud family travel to Scotland and discover they are descendants of Scottish royalty as they move into their giant ancestral castle.,2021-08-20,16|10751|35|14,5.6684,7.2,213,en
425591,I Don't Feel at Home in This World Anymore,"When a depressed woman is burglarized, she finds a new sense of purpose by tracking down the thieves alongside her obnoxious neighbor. But they soon find themselves dangerously out of their depth against a pack of degenerate criminals.",2017-01-19,53|18|80|35,3.0634,6.6,1455,en
414768,The Julius House: An Aurora Teagarden Mystery,"Aurora Teagarden is a beautiful young librarian with a passion for solving murders. After an exhaustive search for the perfect home, Aurora finally purchases her dream house, unaware of its murky history. As she prepares to move in, Aurora discovers that the family who once lived there mysteriously disappeared without a trace.",2016-10-16,9648|10770|80|18,2.9645,6.889,122,en
262500,Insurgent,Beatrice Prior must confront her inner demons and continue her fight against a powerful alliance which threatens to tear her society apart.,2015-03-18,28|878|53,15.5328,6.4,10627,en
431259,Escape Room,Four friends who partake in a popular Los Angeles escape room find themselves stuck with a demonically possessed killer. They have less than an hour to solve the puzzles needed to escape the room alive.,2017-08-31,27|53|14,3.2666,4.8,271,en
892835,Book of Love,"Henry, an English writer who has written a new book that has become a failure in the U.K, gets notified that the dull book has been highly trending over in Mexico. Little does he know that Maria, a Spanish translator, turned the book into an erotic novel. Henry and Maria then swerve around Mexico to do a book tour and go through a wind of events.",2022-01-06,35|10749|18,3.6884,5.648,142,en
520765,Go!,"Jack is a charismatic larrikin who has just discovered the one thing he's really good at — go-kart racing. With the support of his mentor, Patrick, an old race car driver with a secret past, and his best mates Colin and Mandy, Jack must learn to control his recklessness if he is to defeat the best drivers in Australia, including the ruthless champion Dean, and win the National title.",2020-01-16,10751,2.1914,6.8,337,en
520466,Lake Placid: Legacy,"A group of young explorers discover a secret area hidden from all maps and GPS devices. When they reach the center of the lake, they discover an abandoned facility that houses one of the largest, and deadliest apex-predators known to man.",2018-05-28,27|28|878|10770,4.082,4.881,181,en
315855,The Forbidden Room,"A submarine crew, a feared pack of forest bandits, a famous surgeon, and a battalion of child soldiers all get more than they bargained for as they wend their way toward progressive ideas on life and love.",2015-10-07,35,2.1643,5.6,103,en
764104,Too Close for Christmas,"When Hayley accepts an invitation to spend Christmas with her sister’s new in-laws, her seemingly perfect holiday takes a turn when Paul, Hayley's brother-in-law's brother, unexpectedly shows up. Still harboring a grudge against Paul for ending her last relationship, Hayley reluctantly spends time with Paul and slowly realizes she may have been too quick a judge on Paul",2020-11-13,10749|18|10770,3.1751,5.9,128,en
283378,Fallen,"Lucinda Price is sent to a reform academy under the assumption that she has killed a boy. There, she meets two mysterious boys, Cam and Daniel, to whom she feels drawn to both. But as the love triangle unfurls, it is Daniel that Luce cannot keep herself away from, and things begin to take a darker turn when she finds out his true identity.",2016-11-10,18|14|10749,6.0727,6.118,1688,en
294254,Maze Runner: The Scorch Trials,"Thomas and his fellow Gladers face their greatest challenge yet: searching for clues about the mysterious and powerful organization known as WCKD. Their journey takes them to the Scorch, a desolate landscape filled with unimaginable obstacles. Teaming up with resistance fighters, the Gladers take on WCKD’s vastly superior forces and uncover its shocking plans for them all.",2015-09-09,878|28|53|12,18.2029,6.7,11284,en
568620,Snake Eyes: G.I. Joe Origins,"After saving the life of their heir apparent, tenacious loner Snake Eyes is welcomed into an ancient Japanese clan called the Arashikage where he is taught the ways of the ninja warrior. But, when secrets from his past are revealed, Snake Eyes' honor and allegiance will be tested – even if that means losing the trust of those closest to him.",2021-07-22,28|12,13.3685,6.411,1784,en
765245,Swan Song,"In the near future, Cameron Turner is diagnosed with a terminal illness. Presented with an experimental solution to shield his wife and son from grief, he grapples with altering their fate in this thought-provoking exploration of love, loss, and sacrifice.",2021-12-17,18|878,11.6387,7.1,624,en
361292,Suspiria,"A darkness swirls at the center of a world-renowned dance company, one that will engulf the artistic director, an ambitious young dancer, and a grieving psychotherapist. Some will succumb to the nightmare. Others will finally wake up.",2018-10-26,27|9648|18,8.2345,6.891,2855,en
1102493,Small Things Like These,"In 1985, while working as a coal merchant to support his family, Bill Furlong discovers disturbing secrets kept by the local convent and uncovers truths of his own; forcing him to confront his past and the complicit silence of a small Irish town controlled by the Catholic Church.",2024-11-01,18,8.6755,6.7,612,en
520946,100% Wolf,"Freddy Lupin, heir to a proud family line of werewolves, is in for a shock when on his 14th birthday his first 'warfing' goes awry, turning him into a ferocious poodle.  The pack elders give Freddy until the next moonrise to prove he has the heart of a wolf, or risk being cast out forever.  With the help of an unlikely ally in a streetwise stray named Batty, Freddy must prove he's 100% Wolf.",2020-06-26,16|10751|14|12,7.2553,6.1,346,en
894169,Vendetta,"When his daughter is murdered, William Duncan takes the law into his own hands, setting out on a quest for retribution. After killing the street thug responsible for her death, he finds himself in the middle of a war with the thug's brother, father, and their gang, who are equally hell-bent on getting even. What ensues is a tense back-and-forth game of vengeance. By the end, William comes to find that the quest for revenge never has a winner.",2022-05-17,28|80,7.5118,6.083,355,en
228973,Backcountry,A couple on a deep-wilderness hike become hopelessly lost within an aggressive black bear's territory.,2015-03-20,27|53|18,3.8287,5.972,750,en
363482,Once Upon A Holiday,"When an actual, honest-to-goodness royal princess runs off from her official obligations and duties for a couple of days to see how the other half lives, she winds up falling for a good Samaritan who is unaware of her real identity during the holiday season. Will her true love still feel the same way once he learns the truth?",2015-11-25,10751|10749|10770,2.9564,5.96,125,en
829402,Ultraman: Rising,"A star athlete reluctantly returns home to take over his father's duties as Ultraman, shielding Tokyo from giant monsters as he becomes a legendary hero.",2024-06-14,16|878|10751|28,7.364,8,408,en
539617,Big Time Adolescence,"A seemingly bright and mostly innocent 16-year-old named Mo attempts to navigate high school under the guidance of his best friend Zeke, an unmotivated-yet-charismatic college dropout. Although Zeke genuinely cares about Mo, things start to go awry as he teaches Mo nontraditional life lessons in drug dealing, partying, and dating. Meanwhile, Mo’s well-meaning dad tries to step in and take back the reins of his son’s upbringing.",2020-03-13,35|18,4.721,7.2,395,en
332718,Bilal: A New Breed of Hero,"A thousand years ago, one boy with a dream of becoming a great warrior is abducted with his sister and taken to a land far away from home. Thrown into a world where greed and injustice rule all, Bilal finds the courage to raise his voice and make a change. Inspired by true events, this is a story of a real hero who earned his remembrance in time and history.",2016-09-08,16|28|12|36,5.0743,6.8,172,en
542224,Gretel & Hansel,"A long time ago in a distant fairy tale countryside, a young girl leads her little brother into a dark wood in desperate search of food and work, only to stumble upon a nexus of terrifying evil.",2020-01-30,27|14,10.2247,6,1631,en
480853,Nancy,"Nancy becomes increasingly convinced she was kidnapped as a child. When she meets a couple whose daughter went missing thirty years ago, reasonable doubts give way to willful belief.",2018-06-08,9648|18|53,2.2519,5.8,137,en
352695,Joshy,"After his engagement ends badly, Josh decides to take advantage of his bachelor-party plans in Ojai, California, with the few friends still willing to join him. Focused on drugs and their own hangups, his self-absorbed friends refuse to confront the elephant in the room and ask Josh how he’s feeling. As welcome and unwelcome guests stop by, Josh will attempt to find some closure over this weekend with the guys.",2016-08-12,18|35,2.8401,5.637,117,en
331313,Keeping Up with the Joneses,An ordinary suburban couple finds it’s not easy keeping up with the Joneses – their impossibly gorgeous and ultra-sophisticated new neighbors – especially when they discover that Mr. and Mrs. “Jones” are covert operatives.,2016-10-20,28|35,7.3804,6.1,2200,en
521029,Annabelle Comes Home,"Determined to keep Annabelle from wreaking more havoc, demonologists Ed and Lorraine Warren bring the possessed doll to the locked artifacts room in their home, placing her “safely” behind sacred glass and enlisting a priest’s holy blessing. But an unholy night of horror awaits as Annabelle awakens the evil spirits in the room, who all set their sights on a new target—the Warrens' ten-year-old daughter, Judy, and her friends.",2019-06-26,27,13.084,6.4,3945,en
433419,The Hollow Child,"Samantha has lived her whole life in different foster homes. Now living in a small town, she never feels like she quite fits in, even with her own current foster family who might adopt her, or the boy who follows her around doing her classwork. So, it’s perhaps natural that she doesn’t know what to do with a curious tagalong little sister named Olivia. One day, Sam callously ditches Olivia, who wanders off into the woods on her own and disappears.",2018-05-18,27,2.6517,6.319,160,en
634649,Spider-Man: No Way Home,"Peter Parker is unmasked and no longer able to separate his normal life from the high-stakes of being a super-hero. When he asks for help from Doctor Strange the stakes become even more dangerous, forcing him to discover what it truly means to be Spider-Man.",2021-12-15,28|12|878,66.4433,7.9,23279,en
722913,Malcolm & Marie,"As a filmmaker and his girlfriend return home from his movie premiere, smoldering tensions and painful revelations push them toward a romantic reckoning.",2021-01-29,18|10749,5.6322,7,1489,en
615115,The Secrets We Keep,"In post-World War II America, a woman, rebuilding her life in the suburbs with her husband, kidnaps her neighbor and seeks vengeance for the heinous war crimes she believes he committed against her.",2020-09-16,53|36|18,5.4076,5.968,293,en
502385,The Festival,"After Nick's girlfriend dumps him, his best mate Shane has the perfect antidote to his break-up blues: three days at an epic music festival.",2018-08-14,35|10402,2.9227,5.9,174,en
439079,The Nun,A priest with a dark past and a novice nearing her final vows are sent by the Vatican to Romania to investigate a nun's death and face a demonic force.,2018-09-05,27,23.1041,5.909,7345,en
553147,Fool's Paradise,"A down-on-his-luck publicist discovers a recently released mental health patient who looks just like a misbehaving movie star. The publicist subs him into a film, creating a new star. But fame and fortune are not all they are cracked up to be.",2023-05-12,35,4.2623,4.63,115,en
573435,Bad Boys: Ride or Die,"After their late former Captain is framed, Lowrey and Burnett try to clear his name, only to end up on the run themselves.",2024-06-05,28|35|80,19.586,7.309,3499,en
850818,"Barbie: Big City, Big Dreams","Barbie meets another Barbie Roberts, forming a close friendship, nicknaming each other Malibu and Brooklyn when they both attend the Handlers, Performing Art School in NYC, over the summer, competing for a spot at the spotlight solo.",2021-08-20,16|10402|10751,3.5405,6.9,195,en
298583,All Roads Lead to Rome,"Maggie is an uptight, single mother and college writing teacher from New York City. In an effort to reconnect with her troubled teen daughter Summer, she decides to embark on a journey to a Tuscan village where she frequented in her younger days. Upon arrival, Maggie runs into Luca a handsome former lover who is still a bachelor and lives with his eighty-year-old mother Carmen. Summer (missing her “bad boy” boyfriend in NYC) and Carmen (secretly planning a wedding against Luca’s wishes to MARCELINO, her one true love in Rome) impulsively steal Luca’s car and race off to Rome. Maggie and Luca quickly pursue allowing the two mismatched couples to spend some time together and develop a new understanding of each other.",2016-01-14,35|10749,4.8872,5,268,en
854188,The Kindred,"After her father’s suicide, a young mother investigates what led to his death. But when she is haunted by spirits and unearths an unsolved mystery from 30 years ago, she discovers a dark family history that could prove deadly for her child.",2021-12-28,27,3.2465,6.4,131,en
489927,The Kindergarten Teacher,"Lisa Spinelli is a Staten Island teacher who is unusually devoted to her students. When she discovers one of her five-year-olds is a prodigy, she becomes fascinated with the boy, ultimately risking her family and freedom to nurture his talent.",2018-09-23,18,3.4753,6.531,406,en
778855,Chickenhare and the Hamster of Darkness,A brave young animal explorer teams up with two trusty friends to find a powerful artifact before his greedy uncle can get his paws on it.,2022-02-16,16|12|35|10751|14,8.7711,7.2,295,en
356298,Don't Think Twice,"An improv group deals with several crises, including the loss of their lease and one member hitting the big time.",2016-07-22,35|18,4.4918,6.402,427,en
308084,Tangerine,"It's Christmas Eve in Tinseltown and Sin-Dee is back on the block. Upon hearing that her pimp boyfriend hasn't been faithful during the 28 days she was locked up, the working girl and her best friend, Alexandra, embark on a mission to get to the bottom of the scandalous rumor. Their rip-roaring odyssey leads them through various subcultures of Los Angeles, including an Armenian family dealing with their own repercussions of infidelity.",2015-07-10,35|18,4.3571,6.9,836,en
505423,Wounds,Disturbing and mysterious things begin to happen to a bartender in New Orleans after he picks up a phone left behind at his bar.,2019-01-26,27|9648,2.9435,4.035,881,en
427900,Home Again,Life for a single mom in Los Angeles takes an unexpected turn when she allows three young guys to move in with her.,2017-09-07,35|18|10749,8.5488,6.084,1257,en
590223,Love and Monsters,"Seven years since the Monsterpocalypse began, Joel Dawson has been living underground in order to survive. But after reconnecting over radio with his high school girlfriend Aimee, Joel decides to venture out to reunite with her, despite all the dangerous monsters that stand in his way.",2020-10-16,12|35|14,11.5398,7.266,4625,en
318922,Kill Your Friends,"A&R man Steven Stelfox is slashing and burning his way through the music business, a world where 'no one knows anything' and where careers are made and broken by chance and the fickle tastes of the general public. Fuelled by greed, ambition and inhuman quantities of drugs, Stelfox lives the dream, as he searches for his next hit record.",2015-11-06,35|80|53,3.4992,6.038,343,en
399057,The Killing of a Sacred Deer,"Dr. Steven Murphy is a renowned cardiovascular surgeon who presides over a spotless household with his wife and two children. Lurking at the margins of his idyllic suburban existence is Martin, a fatherless teen who insinuates himself into the doctor's life in gradually unsettling ways.",2017-10-20,18|53|9648,9.0624,7,4610,en
1014779,The Figo Affair: The Transfer That Changed Football,This documentary spotlights one of the most contentious deals in football history and the extraordinary player at the center of the storm: Luís Figo.,2022-08-25,99,2.5073,6.9,116,en
479626,Avicii: True Stories,"Documentary about the arena-packing Swedish DJ, chronicling his explosive rise to fame and surprising decision to retire from live performances in 2016.",2017-10-26,10402|99,2.4913,8,361,en
